experiment,geometry,target,feature,pearson_r,p_value,significant,direction,n
HP,base,Unlearning,local_density_mean,0.10924733884939772,0.2792611653079656,False,+,100
HP,base,Unlearning,local_density_std,0.11173656987710355,0.2683857349790563,False,+,100
HP,base,Unlearning,local_density_max,0.13683378374676095,0.17461313216492327,False,+,100
HP,base,Unlearning,local_density_min,0.0720103999210264,0.47647989928954093,False,+,100
HP,base,Unlearning,separability_mean,-0.09557240895964801,0.3442119948112778,False,-,100
HP,base,Unlearning,separability_std,-0.17126179331097016,0.08843756140846525,False,-,100
HP,base,Unlearning,separability_max,-0.11031836629706643,0.274546222046767,False,-,100
HP,base,Unlearning,separability_min,-0.03811549454620819,0.7065454044322029,False,-,100
HP,base,Unlearning,centrality_mean,-0.14049943742518428,0.16324014845977594,False,-,100
HP,base,Unlearning,centrality_std,-0.03238835859983166,0.7490475421321091,False,-,100
HP,base,Unlearning,centrality_max,-0.11548029308492343,0.25257526819108167,False,-,100
HP,base,Unlearning,centrality_min,-0.04814300975956815,0.6343214029342347,False,-,100
HP,base,Unlearning,isolation_mean,,,False,-,100
HP,base,Unlearning,isolation_std,,,False,-,100
HP,base,Unlearning,isolation_max,,,False,-,100
HP,base,Unlearning,isolation_min,,,False,-,100
HP,base,Unlearning,cluster_compactness_mean,,,False,-,100
HP,base,Unlearning,cluster_compactness_std,,,False,-,100
HP,base,Unlearning,cluster_compactness_max,,,False,-,100
HP,base,Unlearning,cluster_compactness_min,,,False,-,100
HP,base,Unlearning,cross_layer_consistency_mean,-0.05860891505891701,0.5624415465613495,False,-,100
HP,base,Unlearning,cross_layer_consistency_std,-0.1202253770644857,0.23347082477257847,False,-,100
HP,base,Unlearning,cross_layer_consistency_max,-0.05860891505891701,0.5624415465613495,False,-,100
HP,base,Unlearning,cross_layer_consistency_min,-0.05860891505891701,0.5624415465613495,False,-,100
HP,base,Embedding,local_density_mean,0.11625854249247752,0.24937051815299816,False,+,100
HP,base,Embedding,local_density_std,0.02048568366480074,0.8396802505023265,False,+,100
HP,base,Embedding,local_density_max,0.09954708822819795,0.3244248631481976,False,+,100
HP,base,Embedding,local_density_min,0.1226302558501359,0.22418364863902035,False,+,100
HP,base,Embedding,separability_mean,-0.1193437929087825,0.23694167065258376,False,-,100
HP,base,Embedding,separability_std,-0.13414843986896954,0.18330690902836153,False,-,100
HP,base,Embedding,separability_max,-0.14141120124909334,0.16049870271583933,False,-,100
HP,base,Embedding,separability_min,-0.05897994599647029,0.5599660077406222,False,-,100
HP,base,Embedding,centrality_mean,-0.07066909940810086,0.48475179988876427,False,-,100
HP,base,Embedding,centrality_std,0.08633836803458585,0.3930355961815098,False,+,100
HP,base,Embedding,centrality_max,0.08558506726381589,0.3971927931288443,False,+,100
HP,base,Embedding,centrality_min,-0.14054599191234807,0.16309933401171064,False,-,100
HP,base,Embedding,isolation_mean,,,False,-,100
HP,base,Embedding,isolation_std,,,False,-,100
HP,base,Embedding,isolation_max,,,False,-,100
HP,base,Embedding,isolation_min,,,False,-,100
HP,base,Embedding,cluster_compactness_mean,,,False,-,100
HP,base,Embedding,cluster_compactness_std,,,False,-,100
HP,base,Embedding,cluster_compactness_max,,,False,-,100
HP,base,Embedding,cluster_compactness_min,,,False,-,100
HP,base,Embedding,cross_layer_consistency_mean,-0.007740958232691096,0.9390710467469527,False,-,100
HP,base,Embedding,cross_layer_consistency_std,0.103313235786593,0.306362919774018,False,+,100
HP,base,Embedding,cross_layer_consistency_max,-0.007740958232691096,0.9390710467469527,False,-,100
HP,base,Embedding,cross_layer_consistency_min,-0.007740958232691096,0.9390710467469527,False,-,100
HP,base,Steering,local_density_mean,-0.10417566658403003,0.302320994633494,False,-,100
HP,base,Steering,local_density_std,-0.09942107249968296,0.32504078599482855,False,-,100
HP,base,Steering,local_density_max,-0.12675361613963498,0.20887109707396015,False,-,100
HP,base,Steering,local_density_min,-0.06920123298116734,0.49389130447998913,False,-,100
HP,base,Steering,separability_mean,0.11711916802601827,0.24585926092927213,False,+,100
HP,base,Steering,separability_std,0.15409769437658175,0.12582827670256322,False,+,100
HP,base,Steering,separability_max,0.12931725089743332,0.19973535688879723,False,+,100
HP,base,Steering,separability_min,0.062348527419576284,0.5377318363010902,False,+,100
HP,base,Steering,centrality_mean,0.14883057754784998,0.13945110861911367,False,+,100
HP,base,Steering,centrality_std,0.014778100620832001,0.883975870283274,False,+,100
HP,base,Steering,centrality_max,0.11188054046174437,0.2677656150824787,False,+,100
HP,base,Steering,centrality_min,0.06247807013751202,0.5368855931103719,False,+,100
HP,base,Steering,isolation_mean,,,False,-,100
HP,base,Steering,isolation_std,,,False,-,100
HP,base,Steering,isolation_max,,,False,-,100
HP,base,Steering,isolation_min,,,False,-,100
HP,base,Steering,cluster_compactness_mean,,,False,-,100
HP,base,Steering,cluster_compactness_std,,,False,-,100
HP,base,Steering,cluster_compactness_max,,,False,-,100
HP,base,Steering,cluster_compactness_min,,,False,-,100
HP,base,Steering,cross_layer_consistency_mean,0.07761977519755744,0.4427259927264108,False,+,100
HP,base,Steering,cross_layer_consistency_std,0.12008216975394272,0.23403221220180706,False,+,100
HP,base,Steering,cross_layer_consistency_max,0.07761977519755744,0.4427259927264108,False,+,100
HP,base,Steering,cross_layer_consistency_min,0.07761977519755744,0.4427259927264108,False,+,100
HP,base,Prompt,local_density_mean,-0.1407798372687751,0.16239338045255705,False,-,100
HP,base,Prompt,local_density_std,-0.12735315254348661,0.2067083514927104,False,-,100
HP,base,Prompt,local_density_max,-0.16191530400096238,0.10752117236919691,False,-,100
HP,base,Prompt,local_density_min,-0.09507854812980152,0.3467224710526673,False,-,100
HP,base,Prompt,separability_mean,0.2037126016079824,0.04206425473905918,True,+,100
HP,base,Prompt,separability_std,0.13151289370625757,0.19214242470021145,False,+,100
HP,base,Prompt,separability_max,0.21010039597993027,0.03589918257548399,True,+,100
HP,base,Prompt,separability_min,0.1567374726349739,0.11939669909888564,False,+,100
HP,base,Prompt,centrality_mean,0.19717731120355605,0.04926017901058201,True,+,100
HP,base,Prompt,centrality_std,-0.10750303075921602,0.28705548490000715,False,-,100
HP,base,Prompt,centrality_max,0.09368816566247834,0.35385173973412787,False,+,100
HP,base,Prompt,centrality_min,0.14373613121561293,0.1536634661036461,False,+,100
HP,base,Prompt,isolation_mean,,,False,-,100
HP,base,Prompt,isolation_std,,,False,-,100
HP,base,Prompt,isolation_max,,,False,-,100
HP,base,Prompt,isolation_min,,,False,-,100
HP,base,Prompt,cluster_compactness_mean,,,False,-,100
HP,base,Prompt,cluster_compactness_std,,,False,-,100
HP,base,Prompt,cluster_compactness_max,,,False,-,100
HP,base,Prompt,cluster_compactness_min,,,False,-,100
HP,base,Prompt,cross_layer_consistency_mean,0.11714820785561368,0.2457413799319549,False,+,100
HP,base,Prompt,cross_layer_consistency_std,0.1273448595400319,0.20673815777569893,False,+,100
HP,base,Prompt,cross_layer_consistency_max,0.11714820785561368,0.2457413799319549,False,+,100
HP,base,Prompt,cross_layer_consistency_min,0.11714820785561368,0.2457413799319549,False,+,100
HP,unlearned,Unlearning,local_density_mean,0.06108170618907093,0.5460419954567226,False,+,100
HP,unlearned,Unlearning,local_density_std,0.05197922860502984,0.6075284473512526,False,+,100
HP,unlearned,Unlearning,local_density_max,0.06355141951035127,0.5298993571982408,False,+,100
HP,unlearned,Unlearning,local_density_min,0.03974539708581938,0.6946059369999608,False,+,100
HP,unlearned,Unlearning,separability_mean,-0.12576613951577206,0.2124683896528806,False,-,100
HP,unlearned,Unlearning,separability_std,-0.243031631452697,0.014833922786195611,True,-,100
HP,unlearned,Unlearning,separability_max,-0.13350357238716223,0.1854408914280227,False,-,100
HP,unlearned,Unlearning,separability_min,-0.032219604986604505,0.7503120833066207,False,-,100
HP,unlearned,Unlearning,centrality_mean,-0.035351177504671885,0.7269568609051356,False,-,100
HP,unlearned,Unlearning,centrality_std,0.12555389295074532,0.21324730407102183,False,+,100
HP,unlearned,Unlearning,centrality_max,0.08614032923603922,0.3941259782124325,False,+,100
HP,unlearned,Unlearning,centrality_min,-0.1351179996557888,0.18013226291522336,False,-,100
HP,unlearned,Unlearning,isolation_mean,,,False,-,100
HP,unlearned,Unlearning,isolation_std,,,False,-,100
HP,unlearned,Unlearning,isolation_max,,,False,-,100
HP,unlearned,Unlearning,isolation_min,,,False,-,100
HP,unlearned,Unlearning,cluster_compactness_mean,,,False,-,100
HP,unlearned,Unlearning,cluster_compactness_std,,,False,-,100
HP,unlearned,Unlearning,cluster_compactness_max,,,False,-,100
HP,unlearned,Unlearning,cluster_compactness_min,,,False,-,100
HP,unlearned,Unlearning,cross_layer_consistency_mean,-0.015383976721292502,0.8792542975410197,False,-,100
HP,unlearned,Unlearning,cross_layer_consistency_std,-0.07360499164929922,0.466745838689244,False,-,100
HP,unlearned,Unlearning,cross_layer_consistency_max,-0.015383976721292502,0.8792542975410197,False,-,100
HP,unlearned,Unlearning,cross_layer_consistency_min,-0.015383976721292502,0.8792542975410197,False,-,100
HP,unlearned,Embedding,local_density_mean,0.10981757550304574,0.27674412891718236,False,+,100
HP,unlearned,Embedding,local_density_std,-0.024490739301697203,0.808885105138439,False,-,100
HP,unlearned,Embedding,local_density_max,0.08738806784693359,0.3872861666410122,False,+,100
HP,unlearned,Embedding,local_density_min,0.12389073495855965,0.2194211697922528,False,+,100
HP,unlearned,Embedding,separability_mean,-0.10264372037376249,0.3095249140225169,False,-,100
HP,unlearned,Embedding,separability_std,-0.015860703388814394,0.8755421433390976,False,-,100
HP,unlearned,Embedding,separability_max,-0.1076511278176695,0.2863881618974709,False,-,100
HP,unlearned,Embedding,separability_min,-0.0937565210999383,0.35349912582320475,False,-,100
HP,unlearned,Embedding,centrality_mean,-0.048997742326569976,0.6283091304096664,False,-,100
HP,unlearned,Embedding,centrality_std,0.05520961818130937,0.5853606237879807,False,+,100
HP,unlearned,Embedding,centrality_max,0.08491280921374669,0.40092470172991507,False,+,100
HP,unlearned,Embedding,centrality_min,-0.0008062157978506821,0.993648270247342,False,-,100
HP,unlearned,Embedding,isolation_mean,,,False,-,100
HP,unlearned,Embedding,isolation_std,,,False,-,100
HP,unlearned,Embedding,isolation_max,,,False,-,100
HP,unlearned,Embedding,isolation_min,,,False,-,100
HP,unlearned,Embedding,cluster_compactness_mean,,,False,-,100
HP,unlearned,Embedding,cluster_compactness_std,,,False,-,100
HP,unlearned,Embedding,cluster_compactness_max,,,False,-,100
HP,unlearned,Embedding,cluster_compactness_min,,,False,-,100
HP,unlearned,Embedding,cross_layer_consistency_mean,-0.17869203797474928,0.07527246899481305,False,-,100
HP,unlearned,Embedding,cross_layer_consistency_std,0.14944820880388926,0.13779812139157205,False,+,100
HP,unlearned,Embedding,cross_layer_consistency_max,-0.17869203797474928,0.07527246899481305,False,-,100
HP,unlearned,Embedding,cross_layer_consistency_min,-0.17869203797474928,0.07527246899481305,False,-,100
HP,unlearned,Steering,local_density_mean,-0.0614901864250092,0.5433555917727054,False,-,100
HP,unlearned,Steering,local_density_std,-0.04272147495888562,0.6729984686291175,False,-,100
HP,unlearned,Steering,local_density_max,-0.05479108996320962,0.5882117326972134,False,-,100
HP,unlearned,Steering,local_density_min,-0.0384167546400526,0.7043331279303284,False,-,100
HP,unlearned,Steering,separability_mean,0.1341271948407038,0.1833769260325612,False,+,100
HP,unlearned,Steering,separability_std,0.2673752836140174,0.007160525957345126,True,+,100
HP,unlearned,Steering,separability_max,0.1509459425419429,0.133851481006006,False,+,100
HP,unlearned,Steering,separability_min,0.04145898730077533,0.682133426511577,False,+,100
HP,unlearned,Steering,centrality_mean,0.03507725856098624,0.7289901590816618,False,+,100
HP,unlearned,Steering,centrality_std,-0.13852653545160346,0.1692909020993064,False,-,100
HP,unlearned,Steering,centrality_max,-0.09058847064035346,0.3700710653307434,False,-,100
HP,unlearned,Steering,centrality_min,0.15198495789984984,0.1311645859287907,False,+,100
HP,unlearned,Steering,isolation_mean,,,False,-,100
HP,unlearned,Steering,isolation_std,,,False,-,100
HP,unlearned,Steering,isolation_max,,,False,-,100
HP,unlearned,Steering,isolation_min,,,False,-,100
HP,unlearned,Steering,cluster_compactness_mean,,,False,-,100
HP,unlearned,Steering,cluster_compactness_std,,,False,-,100
HP,unlearned,Steering,cluster_compactness_max,,,False,-,100
HP,unlearned,Steering,cluster_compactness_min,,,False,-,100
HP,unlearned,Steering,cross_layer_consistency_mean,0.00716021768105977,0.9436342474107972,False,+,100
HP,unlearned,Steering,cross_layer_consistency_std,0.10432617116338151,0.3016192264228952,False,+,100
HP,unlearned,Steering,cross_layer_consistency_max,0.00716021768105977,0.9436342474107972,False,+,100
HP,unlearned,Steering,cross_layer_consistency_min,0.00716021768105977,0.9436342474107972,False,+,100
HP,unlearned,Prompt,local_density_mean,-0.1218796468678907,0.22705400283674795,False,-,100
HP,unlearned,Prompt,local_density_std,-0.07174913249334995,0.47808515966726656,False,-,100
HP,unlearned,Prompt,local_density_max,-0.10390477687439037,0.3035867838148163,False,-,100
HP,unlearned,Prompt,local_density_min,-0.09130823120134461,0.36626492292712953,False,-,100
HP,unlearned,Prompt,separability_mean,0.1693114134843571,0.09217998412307117,False,+,100
HP,unlearned,Prompt,separability_std,0.272890777279971,0.006015396861957769,True,+,100
HP,unlearned,Prompt,separability_max,0.1877885021331245,0.06135106426473558,False,+,100
HP,unlearned,Prompt,separability_min,0.0790714491779388,0.434215314758845,False,+,100
HP,unlearned,Prompt,centrality_mean,0.012247511990613039,0.9037386975252625,False,+,100
HP,unlearned,Prompt,centrality_std,-0.10632223669016233,0.29241307552237134,False,-,100
HP,unlearned,Prompt,centrality_max,-0.1201622039261237,0.23371835400791557,False,-,100
HP,unlearned,Prompt,centrality_min,0.11261601423013418,0.2646128664524936,False,+,100
HP,unlearned,Prompt,isolation_mean,,,False,-,100
HP,unlearned,Prompt,isolation_std,,,False,-,100
HP,unlearned,Prompt,isolation_max,,,False,-,100
HP,unlearned,Prompt,isolation_min,,,False,-,100
HP,unlearned,Prompt,cluster_compactness_mean,,,False,-,100
HP,unlearned,Prompt,cluster_compactness_std,,,False,-,100
HP,unlearned,Prompt,cluster_compactness_max,,,False,-,100
HP,unlearned,Prompt,cluster_compactness_min,,,False,-,100
HP,unlearned,Prompt,cross_layer_consistency_mean,-0.002762929172182149,0.978234836500449,False,-,100
HP,unlearned,Prompt,cross_layer_consistency_std,0.04924211984946308,0.6265945859657476,False,+,100
HP,unlearned,Prompt,cross_layer_consistency_max,-0.002762929172182149,0.978234836500449,False,-,100
HP,unlearned,Prompt,cross_layer_consistency_min,-0.002762929172182149,0.978234836500449,False,-,100
TOFU_grad_ascent,base,Unlearning,local_density_mean,0.09068943714082271,0.3695356936346191,False,+,100
TOFU_grad_ascent,base,Unlearning,local_density_std,0.08297233040422619,0.41181256618476886,False,+,100
TOFU_grad_ascent,base,Unlearning,local_density_max,0.09453082849475454,0.3495201172529767,False,+,100
TOFU_grad_ascent,base,Unlearning,local_density_min,0.07111474770793214,0.4819949858970489,False,+,100
TOFU_grad_ascent,base,Unlearning,separability_mean,0.01624403095386104,0.872559215599014,False,+,100
TOFU_grad_ascent,base,Unlearning,separability_std,-0.05724289186048553,0.5716002948951275,False,-,100
TOFU_grad_ascent,base,Unlearning,separability_max,0.03680876937564663,0.7161692944841339,False,+,100
TOFU_grad_ascent,base,Unlearning,separability_min,0.046500521103761974,0.6459415003405222,False,+,100
TOFU_grad_ascent,base,Unlearning,centrality_mean,-0.13300784876359906,0.18709358596512274,False,-,100
TOFU_grad_ascent,base,Unlearning,centrality_std,0.024258014494649066,0.8106670703919798,False,+,100
TOFU_grad_ascent,base,Unlearning,centrality_max,-0.14175960857461628,0.15946022606051455,False,-,100
TOFU_grad_ascent,base,Unlearning,centrality_min,-0.16979748652993185,0.09123578259691137,False,-,100
TOFU_grad_ascent,base,Unlearning,isolation_mean,,,False,-,100
TOFU_grad_ascent,base,Unlearning,isolation_std,,,False,-,100
TOFU_grad_ascent,base,Unlearning,isolation_max,,,False,-,100
TOFU_grad_ascent,base,Unlearning,isolation_min,,,False,-,100
TOFU_grad_ascent,base,Unlearning,cluster_compactness_mean,,,False,-,100
TOFU_grad_ascent,base,Unlearning,cluster_compactness_std,,,False,-,100
TOFU_grad_ascent,base,Unlearning,cluster_compactness_max,,,False,-,100
TOFU_grad_ascent,base,Unlearning,cluster_compactness_min,,,False,-,100
TOFU_grad_ascent,base,Unlearning,cross_layer_consistency_mean,0.030616116900540107,0.7623602203691849,False,+,100
TOFU_grad_ascent,base,Unlearning,cross_layer_consistency_std,0.10744561274498142,0.2873144873530766,False,+,100
TOFU_grad_ascent,base,Unlearning,cross_layer_consistency_max,0.030616116900540107,0.7623602203691849,False,+,100
TOFU_grad_ascent,base,Unlearning,cross_layer_consistency_min,0.030616116900540107,0.7623602203691849,False,+,100
TOFU_grad_ascent,base,Embedding,local_density_mean,0.16491397754092965,0.10107726308408575,False,+,100
TOFU_grad_ascent,base,Embedding,local_density_std,-0.04586891517304786,0.650432861556907,False,-,100
TOFU_grad_ascent,base,Embedding,local_density_max,0.10132371847417997,0.3158209963425245,False,+,100
TOFU_grad_ascent,base,Embedding,local_density_min,0.2660957976337561,0.007452225751611694,True,+,100
TOFU_grad_ascent,base,Embedding,separability_mean,-0.34094192212320323,0.000518202098671398,True,-,100
TOFU_grad_ascent,base,Embedding,separability_std,0.2561675465684919,0.010095342390300218,True,+,100
TOFU_grad_ascent,base,Embedding,separability_max,-0.17698294957803534,0.07815176709338986,False,-,100
TOFU_grad_ascent,base,Embedding,separability_min,-0.4375132037646667,5.320608908344536e-06,True,-,100
TOFU_grad_ascent,base,Embedding,centrality_mean,0.05767771932178038,0.5686773496494943,False,+,100
TOFU_grad_ascent,base,Embedding,centrality_std,0.1685362997046944,0.09370161880881678,False,+,100
TOFU_grad_ascent,base,Embedding,centrality_max,0.20131548049811507,0.04459471954861405,True,+,100
TOFU_grad_ascent,base,Embedding,centrality_min,-0.07649264186216785,0.4493982588989011,False,-,100
TOFU_grad_ascent,base,Embedding,isolation_mean,,,False,-,100
TOFU_grad_ascent,base,Embedding,isolation_std,,,False,-,100
TOFU_grad_ascent,base,Embedding,isolation_max,,,False,-,100
TOFU_grad_ascent,base,Embedding,isolation_min,,,False,-,100
TOFU_grad_ascent,base,Embedding,cluster_compactness_mean,,,False,-,100
TOFU_grad_ascent,base,Embedding,cluster_compactness_std,,,False,-,100
TOFU_grad_ascent,base,Embedding,cluster_compactness_max,,,False,-,100
TOFU_grad_ascent,base,Embedding,cluster_compactness_min,,,False,-,100
TOFU_grad_ascent,base,Embedding,cross_layer_consistency_mean,-0.14732545769882807,0.14354220412521473,False,-,100
TOFU_grad_ascent,base,Embedding,cross_layer_consistency_std,-0.029910853364237197,0.7676775622989027,False,-,100
TOFU_grad_ascent,base,Embedding,cross_layer_consistency_max,-0.14732545769882807,0.14354220412521473,False,-,100
TOFU_grad_ascent,base,Embedding,cross_layer_consistency_min,-0.14732545769882807,0.14354220412521473,False,-,100
TOFU_grad_ascent,base,Steering,local_density_mean,-0.09032455520668016,0.371472707975474,False,-,100
TOFU_grad_ascent,base,Steering,local_density_std,-0.08058061387614938,0.4254670966478253,False,-,100
TOFU_grad_ascent,base,Steering,local_density_max,-0.09104524973768098,0.36765279021745934,False,-,100
TOFU_grad_ascent,base,Steering,local_density_min,-0.07048335404946357,0.4859033133594505,False,-,100
TOFU_grad_ascent,base,Steering,separability_mean,-0.017115694702910033,0.8657829198828837,False,-,100
TOFU_grad_ascent,base,Steering,separability_std,0.06732588037265347,0.5056987650648468,False,+,100
TOFU_grad_ascent,base,Steering,separability_max,-0.030389123897949163,0.7640704449113301,False,-,100
TOFU_grad_ascent,base,Steering,separability_min,-0.0505748577369886,0.6172792595307633,False,-,100
TOFU_grad_ascent,base,Steering,centrality_mean,0.14201254960202728,0.1587094412960938,False,+,100
TOFU_grad_ascent,base,Steering,centrality_std,-0.024245596953990492,0.8107621782830846,False,-,100
TOFU_grad_ascent,base,Steering,centrality_max,0.14274757237474608,0.15654268459309187,False,+,100
TOFU_grad_ascent,base,Steering,centrality_min,0.17613060188745686,0.07962035189358171,False,+,100
TOFU_grad_ascent,base,Steering,isolation_mean,,,False,-,100
TOFU_grad_ascent,base,Steering,isolation_std,,,False,-,100
TOFU_grad_ascent,base,Steering,isolation_max,,,False,-,100
TOFU_grad_ascent,base,Steering,isolation_min,,,False,-,100
TOFU_grad_ascent,base,Steering,cluster_compactness_mean,,,False,-,100
TOFU_grad_ascent,base,Steering,cluster_compactness_std,,,False,-,100
TOFU_grad_ascent,base,Steering,cluster_compactness_max,,,False,-,100
TOFU_grad_ascent,base,Steering,cluster_compactness_min,,,False,-,100
TOFU_grad_ascent,base,Steering,cross_layer_consistency_mean,-0.03240056372647269,0.7489561097424661,False,-,100
TOFU_grad_ascent,base,Steering,cross_layer_consistency_std,-0.10023723512946704,0.32106493525138036,False,-,100
TOFU_grad_ascent,base,Steering,cross_layer_consistency_max,-0.03240056372647269,0.7489561097424661,False,-,100
TOFU_grad_ascent,base,Steering,cross_layer_consistency_min,-0.03240056372647269,0.7489561097424661,False,-,100
TOFU_grad_ascent,base,Prompt,local_density_mean,-0.09068943714082271,0.3695356936346191,False,-,100
TOFU_grad_ascent,base,Prompt,local_density_std,-0.08297233040422622,0.41181256618476886,False,-,100
TOFU_grad_ascent,base,Prompt,local_density_max,-0.09453082849475455,0.3495201172529767,False,-,100
TOFU_grad_ascent,base,Prompt,local_density_min,-0.07111474770793214,0.4819949858970489,False,-,100
TOFU_grad_ascent,base,Prompt,separability_mean,-0.01624403095386104,0.872559215599014,False,-,100
TOFU_grad_ascent,base,Prompt,separability_std,0.05724289186048553,0.5716002948951275,False,+,100
TOFU_grad_ascent,base,Prompt,separability_max,-0.03680876937564662,0.7161692944841339,False,-,100
TOFU_grad_ascent,base,Prompt,separability_min,-0.04650052110376198,0.6459415003405222,False,-,100
TOFU_grad_ascent,base,Prompt,centrality_mean,0.13300784876359903,0.18709358596512274,False,+,100
TOFU_grad_ascent,base,Prompt,centrality_std,-0.024258014494649066,0.8106670703919798,False,-,100
TOFU_grad_ascent,base,Prompt,centrality_max,0.14175960857461636,0.1594602260605139,False,+,100
TOFU_grad_ascent,base,Prompt,centrality_min,0.16979748652993187,0.09123578259691137,False,+,100
TOFU_grad_ascent,base,Prompt,isolation_mean,,,False,-,100
TOFU_grad_ascent,base,Prompt,isolation_std,,,False,-,100
TOFU_grad_ascent,base,Prompt,isolation_max,,,False,-,100
TOFU_grad_ascent,base,Prompt,isolation_min,,,False,-,100
TOFU_grad_ascent,base,Prompt,cluster_compactness_mean,,,False,-,100
TOFU_grad_ascent,base,Prompt,cluster_compactness_std,,,False,-,100
TOFU_grad_ascent,base,Prompt,cluster_compactness_max,,,False,-,100
TOFU_grad_ascent,base,Prompt,cluster_compactness_min,,,False,-,100
TOFU_grad_ascent,base,Prompt,cross_layer_consistency_mean,-0.030616116900540103,0.7623602203691849,False,-,100
TOFU_grad_ascent,base,Prompt,cross_layer_consistency_std,-0.10744561274498139,0.2873144873530766,False,-,100
TOFU_grad_ascent,base,Prompt,cross_layer_consistency_max,-0.030616116900540103,0.7623602203691849,False,-,100
TOFU_grad_ascent,base,Prompt,cross_layer_consistency_min,-0.030616116900540103,0.7623602203691849,False,-,100
TOFU_grad_ascent,unlearned,Unlearning,local_density_mean,0.16314253251462732,0.1048462764793394,False,+,100
TOFU_grad_ascent,unlearned,Unlearning,local_density_std,0.16599030339296278,0.0988396469277667,False,+,100
TOFU_grad_ascent,unlearned,Unlearning,local_density_max,0.20829211666462288,0.037562115985916425,True,+,100
TOFU_grad_ascent,unlearned,Unlearning,local_density_min,0.13059660755196678,0.19528530101748517,False,+,100
TOFU_grad_ascent,unlearned,Unlearning,separability_mean,0.07958453608784781,0.43122966959424425,False,+,100
TOFU_grad_ascent,unlearned,Unlearning,separability_std,0.04854084026241624,0.6315200368060427,False,+,100
TOFU_grad_ascent,unlearned,Unlearning,separability_max,0.10629038407105397,0.29255850962690694,False,+,100
TOFU_grad_ascent,unlearned,Unlearning,separability_min,0.04211787693516878,0.6773600861524984,False,+,100
TOFU_grad_ascent,unlearned,Unlearning,centrality_mean,0.07657083631793316,0.448933568005,False,+,100
TOFU_grad_ascent,unlearned,Unlearning,centrality_std,0.11620937963336093,0.24957213382646073,False,+,100
TOFU_grad_ascent,unlearned,Unlearning,centrality_max,0.07768041356737032,0.4423686213798183,False,+,100
TOFU_grad_ascent,unlearned,Unlearning,centrality_min,-0.0822558511459571,0.4158759147247474,False,-,100
TOFU_grad_ascent,unlearned,Unlearning,isolation_mean,,,False,-,100
TOFU_grad_ascent,unlearned,Unlearning,isolation_std,,,False,-,100
TOFU_grad_ascent,unlearned,Unlearning,isolation_max,,,False,-,100
TOFU_grad_ascent,unlearned,Unlearning,isolation_min,,,False,-,100
TOFU_grad_ascent,unlearned,Unlearning,cluster_compactness_mean,,,False,-,100
TOFU_grad_ascent,unlearned,Unlearning,cluster_compactness_std,,,False,-,100
TOFU_grad_ascent,unlearned,Unlearning,cluster_compactness_max,,,False,-,100
TOFU_grad_ascent,unlearned,Unlearning,cluster_compactness_min,,,False,-,100
TOFU_grad_ascent,unlearned,Unlearning,cross_layer_consistency_mean,0.024260054434000058,0.8106514464397414,False,+,100
TOFU_grad_ascent,unlearned,Unlearning,cross_layer_consistency_std,0.10404474413498169,0.3029323250383369,False,+,100
TOFU_grad_ascent,unlearned,Unlearning,cross_layer_consistency_max,0.024260054434000058,0.8106514464397414,False,+,100
TOFU_grad_ascent,unlearned,Unlearning,cross_layer_consistency_min,0.024260054434000058,0.8106514464397414,False,+,100
TOFU_grad_ascent,unlearned,Embedding,local_density_mean,-0.20114370276368237,0.04478080643022825,True,-,100
TOFU_grad_ascent,unlearned,Embedding,local_density_std,-0.22456396953485308,0.024692680728938692,True,-,100
TOFU_grad_ascent,unlearned,Embedding,local_density_max,-0.23903938219843113,0.016612512792268882,True,-,100
TOFU_grad_ascent,unlearned,Embedding,local_density_min,-0.13217526525840537,0.18989339350092227,False,-,100
TOFU_grad_ascent,unlearned,Embedding,separability_mean,-0.03795515215833676,0.7077238618357217,False,-,100
TOFU_grad_ascent,unlearned,Embedding,separability_std,-0.08017920493426868,0.42778400983531295,False,-,100
TOFU_grad_ascent,unlearned,Embedding,separability_max,-0.020859377395193477,0.8367958854175144,False,-,100
TOFU_grad_ascent,unlearned,Embedding,separability_min,0.01510962322621274,0.8813918118735881,False,+,100
TOFU_grad_ascent,unlearned,Embedding,centrality_mean,-0.011535441679345957,0.9093108017554875,False,-,100
TOFU_grad_ascent,unlearned,Embedding,centrality_std,0.12064098519622712,0.23184692304833937,False,+,100
TOFU_grad_ascent,unlearned,Embedding,centrality_max,0.09960866701980305,0.32412415887445717,False,+,100
TOFU_grad_ascent,unlearned,Embedding,centrality_min,-0.01952762685504432,0.8470846403507127,False,-,100
TOFU_grad_ascent,unlearned,Embedding,isolation_mean,,,False,-,100
TOFU_grad_ascent,unlearned,Embedding,isolation_std,,,False,-,100
TOFU_grad_ascent,unlearned,Embedding,isolation_max,,,False,-,100
TOFU_grad_ascent,unlearned,Embedding,isolation_min,,,False,-,100
TOFU_grad_ascent,unlearned,Embedding,cluster_compactness_mean,,,False,-,100
TOFU_grad_ascent,unlearned,Embedding,cluster_compactness_std,,,False,-,100
TOFU_grad_ascent,unlearned,Embedding,cluster_compactness_max,,,False,-,100
TOFU_grad_ascent,unlearned,Embedding,cluster_compactness_min,,,False,-,100
TOFU_grad_ascent,unlearned,Embedding,cross_layer_consistency_mean,0.038114236342897505,0.706554649071123,False,+,100
TOFU_grad_ascent,unlearned,Embedding,cross_layer_consistency_std,0.0053266919420818576,0.9580525389645108,False,+,100
TOFU_grad_ascent,unlearned,Embedding,cross_layer_consistency_max,0.038114236342897505,0.706554649071123,False,+,100
TOFU_grad_ascent,unlearned,Embedding,cross_layer_consistency_min,0.038114236342897505,0.706554649071123,False,+,100
TOFU_grad_ascent,unlearned,Steering,local_density_mean,-0.15448442334937335,0.12486977594948577,False,-,100
TOFU_grad_ascent,unlearned,Steering,local_density_std,-0.16927320964804596,0.09225452178410311,False,-,100
TOFU_grad_ascent,unlearned,Steering,local_density_max,-0.20155139596153393,0.0443401994589185,True,-,100
TOFU_grad_ascent,unlearned,Steering,local_density_min,-0.12047899332445386,0.23247893077775064,False,-,100
TOFU_grad_ascent,unlearned,Steering,separability_mean,-0.07484701016379204,0.45923994026160647,False,-,100
TOFU_grad_ascent,unlearned,Steering,separability_std,-0.0523297485941167,0.6051053145441153,False,-,100
TOFU_grad_ascent,unlearned,Steering,separability_max,-0.10343793052255122,0.3057763468538671,False,-,100
TOFU_grad_ascent,unlearned,Steering,separability_min,-0.037632229062206764,0.7100993181088465,False,-,100
TOFU_grad_ascent,unlearned,Steering,centrality_mean,-0.07254159220944685,0.4732251700544109,False,-,100
TOFU_grad_ascent,unlearned,Steering,centrality_std,-0.11725749052543841,0.24529811999109774,False,-,100
TOFU_grad_ascent,unlearned,Steering,centrality_max,-0.07879016661019472,0.4358570714943269,False,-,100
TOFU_grad_ascent,unlearned,Steering,centrality_min,0.08353547575573428,0.4086351545642238,False,+,100
TOFU_grad_ascent,unlearned,Steering,isolation_mean,,,False,-,100
TOFU_grad_ascent,unlearned,Steering,isolation_std,,,False,-,100
TOFU_grad_ascent,unlearned,Steering,isolation_max,,,False,-,100
TOFU_grad_ascent,unlearned,Steering,isolation_min,,,False,-,100
TOFU_grad_ascent,unlearned,Steering,cluster_compactness_mean,,,False,-,100
TOFU_grad_ascent,unlearned,Steering,cluster_compactness_std,,,False,-,100
TOFU_grad_ascent,unlearned,Steering,cluster_compactness_max,,,False,-,100
TOFU_grad_ascent,unlearned,Steering,cluster_compactness_min,,,False,-,100
TOFU_grad_ascent,unlearned,Steering,cross_layer_consistency_mean,-0.019016528469578197,0.8510401762655097,False,-,100
TOFU_grad_ascent,unlearned,Steering,cross_layer_consistency_std,-0.10851353413153463,0.2825226806787037,False,-,100
TOFU_grad_ascent,unlearned,Steering,cross_layer_consistency_max,-0.019016528469578197,0.8510401762655097,False,-,100
TOFU_grad_ascent,unlearned,Steering,cross_layer_consistency_min,-0.019016528469578197,0.8510401762655097,False,-,100
TOFU_grad_ascent,unlearned,Prompt,local_density_mean,-0.16314253251462732,0.1048462764793394,False,-,100
TOFU_grad_ascent,unlearned,Prompt,local_density_std,-0.16599030339296275,0.0988396469277667,False,-,100
TOFU_grad_ascent,unlearned,Prompt,local_density_max,-0.2082921166646229,0.037562115985916425,True,-,100
TOFU_grad_ascent,unlearned,Prompt,local_density_min,-0.13059660755196678,0.19528530101748517,False,-,100
TOFU_grad_ascent,unlearned,Prompt,separability_mean,-0.07958453608784784,0.43122966959424425,False,-,100
TOFU_grad_ascent,unlearned,Prompt,separability_std,-0.04854084026241625,0.6315200368060427,False,-,100
TOFU_grad_ascent,unlearned,Prompt,separability_max,-0.10629038407105397,0.29255850962690694,False,-,100
TOFU_grad_ascent,unlearned,Prompt,separability_min,-0.04211787693516879,0.6773600861524984,False,-,100
TOFU_grad_ascent,unlearned,Prompt,centrality_mean,-0.07657083631793316,0.448933568005,False,-,100
TOFU_grad_ascent,unlearned,Prompt,centrality_std,-0.1162093796333609,0.24957213382646073,False,-,100
TOFU_grad_ascent,unlearned,Prompt,centrality_max,-0.07768041356737032,0.4423686213798183,False,-,100
TOFU_grad_ascent,unlearned,Prompt,centrality_min,0.08225585114595708,0.4158759147247474,False,+,100
TOFU_grad_ascent,unlearned,Prompt,isolation_mean,,,False,-,100
TOFU_grad_ascent,unlearned,Prompt,isolation_std,,,False,-,100
TOFU_grad_ascent,unlearned,Prompt,isolation_max,,,False,-,100
TOFU_grad_ascent,unlearned,Prompt,isolation_min,,,False,-,100
TOFU_grad_ascent,unlearned,Prompt,cluster_compactness_mean,,,False,-,100
TOFU_grad_ascent,unlearned,Prompt,cluster_compactness_std,,,False,-,100
TOFU_grad_ascent,unlearned,Prompt,cluster_compactness_max,,,False,-,100
TOFU_grad_ascent,unlearned,Prompt,cluster_compactness_min,,,False,-,100
TOFU_grad_ascent,unlearned,Prompt,cross_layer_consistency_mean,-0.024260054434000058,0.8106514464397414,False,-,100
TOFU_grad_ascent,unlearned,Prompt,cross_layer_consistency_std,-0.10404474413498167,0.3029323250383369,False,-,100
TOFU_grad_ascent,unlearned,Prompt,cross_layer_consistency_max,-0.024260054434000058,0.8106514464397414,False,-,100
TOFU_grad_ascent,unlearned,Prompt,cross_layer_consistency_min,-0.024260054434000058,0.8106514464397414,False,-,100
TOFU_idk,base,Unlearning,local_density_mean,0.25233964238462175,0.011315536572453579,True,+,100
TOFU_idk,base,Unlearning,local_density_std,0.2555365240566733,0.010288178014608271,True,+,100
TOFU_idk,base,Unlearning,local_density_max,0.2732233559871629,0.005951855839008324,True,+,100
TOFU_idk,base,Unlearning,local_density_min,0.17814715749397017,0.07618101916590841,False,+,100
TOFU_idk,base,Unlearning,separability_mean,0.31365818800835715,0.0014842667163169694,True,+,100
TOFU_idk,base,Unlearning,separability_std,0.04871180777583488,0.6303177465631739,False,+,100
TOFU_idk,base,Unlearning,separability_max,0.2573940204341625,0.009729588080000552,True,+,100
TOFU_idk,base,Unlearning,separability_min,0.28732627973110747,0.003749268665849525,True,+,100
TOFU_idk,base,Unlearning,centrality_mean,0.19072740033700641,0.05733048051630828,False,+,100
TOFU_idk,base,Unlearning,centrality_std,-0.04267487575827676,0.6733348126408695,False,-,100
TOFU_idk,base,Unlearning,centrality_max,0.01278435249091466,0.8995408734816795,False,+,100
TOFU_idk,base,Unlearning,centrality_min,0.06040378571020757,0.5505146526806383,False,+,100
TOFU_idk,base,Unlearning,isolation_mean,,,False,-,100
TOFU_idk,base,Unlearning,isolation_std,,,False,-,100
TOFU_idk,base,Unlearning,isolation_max,,,False,-,100
TOFU_idk,base,Unlearning,isolation_min,,,False,-,100
TOFU_idk,base,Unlearning,cluster_compactness_mean,,,False,-,100
TOFU_idk,base,Unlearning,cluster_compactness_std,,,False,-,100
TOFU_idk,base,Unlearning,cluster_compactness_max,,,False,-,100
TOFU_idk,base,Unlearning,cluster_compactness_min,,,False,-,100
TOFU_idk,base,Unlearning,cross_layer_consistency_mean,0.11894073775906981,0.23854042281768348,False,+,100
TOFU_idk,base,Unlearning,cross_layer_consistency_std,-0.035552089360842296,0.725466695605212,False,-,100
TOFU_idk,base,Unlearning,cross_layer_consistency_max,0.11894073775906981,0.23854042281768348,False,+,100
TOFU_idk,base,Unlearning,cross_layer_consistency_min,0.11894073775906981,0.23854042281768348,False,+,100
TOFU_idk,base,Embedding,local_density_mean,-0.035407653903596924,0.7265378718275813,False,-,100
TOFU_idk,base,Embedding,local_density_std,-0.012474448602305253,0.9019638367223753,False,-,100
TOFU_idk,base,Embedding,local_density_max,-0.03636989807268526,0.7194116082658101,False,-,100
TOFU_idk,base,Embedding,local_density_min,-0.03239395350502335,0.7490056285305509,False,-,100
TOFU_idk,base,Embedding,separability_mean,-0.2410713852232543,0.01568544625448858,True,-,100
TOFU_idk,base,Embedding,separability_std,0.09538534945854524,0.3451615399082201,False,+,100
TOFU_idk,base,Embedding,separability_max,-0.14999261017516866,0.1363534907155471,False,-,100
TOFU_idk,base,Embedding,separability_min,-0.2565941235859644,0.009966785701249613,True,-,100
TOFU_idk,base,Embedding,centrality_mean,-0.17428849914425673,0.08286972818060927,False,-,100
TOFU_idk,base,Embedding,centrality_std,-0.02961960832849936,0.7698765682551447,False,-,100
TOFU_idk,base,Embedding,centrality_max,-0.1438472983645901,0.15334218322090765,False,-,100
TOFU_idk,base,Embedding,centrality_min,-0.025084105498120478,0.8043461560933697,False,-,100
TOFU_idk,base,Embedding,isolation_mean,,,False,-,100
TOFU_idk,base,Embedding,isolation_std,,,False,-,100
TOFU_idk,base,Embedding,isolation_max,,,False,-,100
TOFU_idk,base,Embedding,isolation_min,,,False,-,100
TOFU_idk,base,Embedding,cluster_compactness_mean,,,False,-,100
TOFU_idk,base,Embedding,cluster_compactness_std,,,False,-,100
TOFU_idk,base,Embedding,cluster_compactness_max,,,False,-,100
TOFU_idk,base,Embedding,cluster_compactness_min,,,False,-,100
TOFU_idk,base,Embedding,cross_layer_consistency_mean,-0.009965092771005966,0.9216142785120772,False,-,100
TOFU_idk,base,Embedding,cross_layer_consistency_std,-0.12626153629582018,0.2106582325513535,False,-,100
TOFU_idk,base,Embedding,cross_layer_consistency_max,-0.009965092771005966,0.9216142785120772,False,-,100
TOFU_idk,base,Embedding,cross_layer_consistency_min,-0.009965092771005966,0.9216142785120772,False,-,100
TOFU_idk,base,Steering,local_density_mean,-0.22833153392232958,0.022319833626247485,True,-,100
TOFU_idk,base,Steering,local_density_std,-0.12084960031811137,0.231034786480663,False,-,100
TOFU_idk,base,Steering,local_density_max,-0.19004411409541921,0.05824546007975034,False,-,100
TOFU_idk,base,Steering,local_density_min,-0.2142400932583482,0.03232374925189382,True,-,100
TOFU_idk,base,Steering,separability_mean,-0.280534287250446,0.004697506607776667,True,-,100
TOFU_idk,base,Steering,separability_std,-0.008771685389011557,0.9309769937205674,False,-,100
TOFU_idk,base,Steering,separability_max,-0.2065164160087493,0.03925741530317181,True,-,100
TOFU_idk,base,Steering,separability_min,-0.25659140977159084,0.009967598999021277,True,-,100
TOFU_idk,base,Steering,centrality_mean,-0.1444004850634444,0.15175090003531028,False,-,100
TOFU_idk,base,Steering,centrality_std,-0.08050086697098831,0.4259268168900133,False,-,100
TOFU_idk,base,Steering,centrality_max,-0.06657660836098792,0.5104568474657889,False,-,100
TOFU_idk,base,Steering,centrality_min,0.06423301755042186,0.5254866971332931,False,+,100
TOFU_idk,base,Steering,isolation_mean,,,False,-,100
TOFU_idk,base,Steering,isolation_std,,,False,-,100
TOFU_idk,base,Steering,isolation_max,,,False,-,100
TOFU_idk,base,Steering,isolation_min,,,False,-,100
TOFU_idk,base,Steering,cluster_compactness_mean,,,False,-,100
TOFU_idk,base,Steering,cluster_compactness_std,,,False,-,100
TOFU_idk,base,Steering,cluster_compactness_max,,,False,-,100
TOFU_idk,base,Steering,cluster_compactness_min,,,False,-,100
TOFU_idk,base,Steering,cross_layer_consistency_mean,-0.1545380084419802,0.12473740960921047,False,-,100
TOFU_idk,base,Steering,cross_layer_consistency_std,-0.009946787500410812,0.9217578125789356,False,-,100
TOFU_idk,base,Steering,cross_layer_consistency_max,-0.1545380084419802,0.12473740960921047,False,-,100
TOFU_idk,base,Steering,cross_layer_consistency_min,-0.1545380084419802,0.12473740960921047,False,-,100
TOFU_idk,base,Prompt,local_density_mean,-0.22775163918299388,0.022671824937562098,True,-,100
TOFU_idk,base,Prompt,local_density_std,-0.23637364889940413,0.017900278822792826,True,-,100
TOFU_idk,base,Prompt,local_density_max,-0.24821223846027685,0.012773814719597416,True,-,100
TOFU_idk,base,Prompt,local_density_min,-0.15426910249003614,0.1254027507735425,False,-,100
TOFU_idk,base,Prompt,separability_mean,-0.21274843194051804,0.0335758274606692,True,-,100
TOFU_idk,base,Prompt,separability_std,-0.11630567739371868,0.2491773243541562,False,-,100
TOFU_idk,base,Prompt,separability_max,-0.21773139322733065,0.02954640569109452,True,-,100
TOFU_idk,base,Prompt,separability_min,-0.18401822398831055,0.06684257253584178,False,-,100
TOFU_idk,base,Prompt,centrality_mean,-0.08037164582269204,0.4266723488851614,False,-,100
TOFU_idk,base,Prompt,centrality_std,0.011508765435385431,0.909519636238098,False,+,100
TOFU_idk,base,Prompt,centrality_max,-0.0018525188816856646,0.985405674728037,False,-,100
TOFU_idk,base,Prompt,centrality_min,0.020213282839470728,0.8417841225162919,False,+,100
TOFU_idk,base,Prompt,isolation_mean,,,False,-,100
TOFU_idk,base,Prompt,isolation_std,,,False,-,100
TOFU_idk,base,Prompt,isolation_max,,,False,-,100
TOFU_idk,base,Prompt,isolation_min,,,False,-,100
TOFU_idk,base,Prompt,cluster_compactness_mean,,,False,-,100
TOFU_idk,base,Prompt,cluster_compactness_std,,,False,-,100
TOFU_idk,base,Prompt,cluster_compactness_max,,,False,-,100
TOFU_idk,base,Prompt,cluster_compactness_min,,,False,-,100
TOFU_idk,base,Prompt,cross_layer_consistency_mean,-0.08059598728590403,0.42537850572990177,False,-,100
TOFU_idk,base,Prompt,cross_layer_consistency_std,-0.07934267677955992,0.4326355826149663,False,-,100
TOFU_idk,base,Prompt,cross_layer_consistency_max,-0.08059598728590403,0.42537850572990177,False,-,100
TOFU_idk,base,Prompt,cross_layer_consistency_min,-0.08059598728590403,0.42537850572990177,False,-,100
TOFU_idk,unlearned,Unlearning,local_density_mean,0.2978657292587304,0.0026138336640795243,True,+,100
TOFU_idk,unlearned,Unlearning,local_density_std,0.28697754613862336,0.0037934284438740605,True,+,100
TOFU_idk,unlearned,Unlearning,local_density_max,0.32614689001097746,0.0009279614446160763,True,+,100
TOFU_idk,unlearned,Unlearning,local_density_min,0.18114919293075848,0.07128297482536472,False,+,100
TOFU_idk,unlearned,Unlearning,separability_mean,0.3119325587786227,0.001581325494023834,True,+,100
TOFU_idk,unlearned,Unlearning,separability_std,0.06575628845152566,0.5156924065931401,False,+,100
TOFU_idk,unlearned,Unlearning,separability_max,0.2795161794568908,0.004856716990241086,True,+,100
TOFU_idk,unlearned,Unlearning,separability_min,0.2732389210512397,0.005948896687774155,True,+,100
TOFU_idk,unlearned,Unlearning,centrality_mean,-0.1287667386192981,0.20167250792083566,False,-,100
TOFU_idk,unlearned,Unlearning,centrality_std,0.35054637415582857,0.00034949215369623594,True,+,100
TOFU_idk,unlearned,Unlearning,centrality_max,0.23297184414026767,0.019667959577658444,True,+,100
TOFU_idk,unlearned,Unlearning,centrality_min,-0.3513434438955147,0.0003380613045079323,True,-,100
TOFU_idk,unlearned,Unlearning,isolation_mean,,,False,-,100
TOFU_idk,unlearned,Unlearning,isolation_std,,,False,-,100
TOFU_idk,unlearned,Unlearning,isolation_max,,,False,-,100
TOFU_idk,unlearned,Unlearning,isolation_min,,,False,-,100
TOFU_idk,unlearned,Unlearning,cluster_compactness_mean,,,False,-,100
TOFU_idk,unlearned,Unlearning,cluster_compactness_std,,,False,-,100
TOFU_idk,unlearned,Unlearning,cluster_compactness_max,,,False,-,100
TOFU_idk,unlearned,Unlearning,cluster_compactness_min,,,False,-,100
TOFU_idk,unlearned,Unlearning,cross_layer_consistency_mean,0.12032181723004257,0.23309329946134155,False,+,100
TOFU_idk,unlearned,Unlearning,cross_layer_consistency_std,-0.06769619804666775,0.5033556636999652,False,-,100
TOFU_idk,unlearned,Unlearning,cross_layer_consistency_max,0.12032181723004257,0.23309329946134155,False,+,100
TOFU_idk,unlearned,Unlearning,cross_layer_consistency_min,0.12032181723004257,0.23309329946134155,False,+,100
TOFU_idk,unlearned,Embedding,local_density_mean,-0.09502361378229646,0.34700243009440984,False,-,100
TOFU_idk,unlearned,Embedding,local_density_std,-0.13283432620415814,0.18767461639334174,False,-,100
TOFU_idk,unlearned,Embedding,local_density_max,-0.11019827946357084,0.27507219481778,False,-,100
TOFU_idk,unlearned,Embedding,local_density_min,-0.0251674618383722,0.8037090387512682,False,-,100
TOFU_idk,unlearned,Embedding,separability_mean,-0.2413602781590841,0.015557351862032963,True,-,100
TOFU_idk,unlearned,Embedding,separability_std,0.05506168093250142,0.5863676834962558,False,+,100
TOFU_idk,unlearned,Embedding,separability_max,-0.17000080997635236,0.09084310288435193,False,-,100
TOFU_idk,unlearned,Embedding,separability_min,-0.24044177713454234,0.015967781405064746,True,-,100
TOFU_idk,unlearned,Embedding,centrality_mean,0.055324390952807535,0.5845798713859334,False,+,100
TOFU_idk,unlearned,Embedding,centrality_std,-0.05464319233661579,0.5892207536255425,False,-,100
TOFU_idk,unlearned,Embedding,centrality_max,-0.10576479723164503,0.2949651622075655,False,-,100
TOFU_idk,unlearned,Embedding,centrality_min,0.020761743250000797,0.8375492703830592,False,+,100
TOFU_idk,unlearned,Embedding,isolation_mean,,,False,-,100
TOFU_idk,unlearned,Embedding,isolation_std,,,False,-,100
TOFU_idk,unlearned,Embedding,isolation_max,,,False,-,100
TOFU_idk,unlearned,Embedding,isolation_min,,,False,-,100
TOFU_idk,unlearned,Embedding,cluster_compactness_mean,,,False,-,100
TOFU_idk,unlearned,Embedding,cluster_compactness_std,,,False,-,100
TOFU_idk,unlearned,Embedding,cluster_compactness_max,,,False,-,100
TOFU_idk,unlearned,Embedding,cluster_compactness_min,,,False,-,100
TOFU_idk,unlearned,Embedding,cross_layer_consistency_mean,0.027351469713374026,0.7870629555616788,False,+,100
TOFU_idk,unlearned,Embedding,cross_layer_consistency_std,0.007317484730439977,0.9423983269156613,False,+,100
TOFU_idk,unlearned,Embedding,cross_layer_consistency_max,0.027351469713374026,0.7870629555616788,False,+,100
TOFU_idk,unlearned,Embedding,cross_layer_consistency_min,0.027351469713374026,0.7870629555616788,False,+,100
TOFU_idk,unlearned,Steering,local_density_mean,-0.26304201131803234,0.008191226815994317,True,-,100
TOFU_idk,unlearned,Steering,local_density_std,-0.15730770943249855,0.11804127735030712,False,-,100
TOFU_idk,unlearned,Steering,local_density_max,-0.23460580095599468,0.01880100836695825,True,-,100
TOFU_idk,unlearned,Steering,local_density_min,-0.21794513145513214,0.029383151455510424,True,-,100
TOFU_idk,unlearned,Steering,separability_mean,-0.2698533216084817,0.006624140587062237,True,-,100
TOFU_idk,unlearned,Steering,separability_std,-0.019077106568303814,0.8505711502874783,False,-,100
TOFU_idk,unlearned,Steering,separability_max,-0.20921480876498655,0.036705698198588745,True,-,100
TOFU_idk,unlearned,Steering,separability_min,-0.2223596637625074,0.026178299453761,True,-,100
TOFU_idk,unlearned,Steering,centrality_mean,-0.014650290324565558,0.8849724159474718,False,-,100
TOFU_idk,unlearned,Steering,centrality_std,-0.2802645695143666,0.00473922526416996,True,-,100
TOFU_idk,unlearned,Steering,centrality_max,-0.21086216431276283,0.03521738393787687,True,-,100
TOFU_idk,unlearned,Steering,centrality_min,0.26545980954963944,0.0076010857959589615,True,+,100
TOFU_idk,unlearned,Steering,isolation_mean,,,False,-,100
TOFU_idk,unlearned,Steering,isolation_std,,,False,-,100
TOFU_idk,unlearned,Steering,isolation_max,,,False,-,100
TOFU_idk,unlearned,Steering,isolation_min,,,False,-,100
TOFU_idk,unlearned,Steering,cluster_compactness_mean,,,False,-,100
TOFU_idk,unlearned,Steering,cluster_compactness_std,,,False,-,100
TOFU_idk,unlearned,Steering,cluster_compactness_max,,,False,-,100
TOFU_idk,unlearned,Steering,cluster_compactness_min,,,False,-,100
TOFU_idk,unlearned,Steering,cross_layer_consistency_mean,-0.15952327695953356,0.11288753256619476,False,-,100
TOFU_idk,unlearned,Steering,cross_layer_consistency_std,0.018957765681026313,0.8514951967868681,False,+,100
TOFU_idk,unlearned,Steering,cross_layer_consistency_max,-0.15952327695953356,0.11288753256619476,False,-,100
TOFU_idk,unlearned,Steering,cross_layer_consistency_min,-0.15952327695953356,0.11288753256619476,False,-,100
TOFU_idk,unlearned,Prompt,local_density_mean,-0.22625171975802286,0.02360436615706167,True,-,100
TOFU_idk,unlearned,Prompt,local_density_std,-0.16257132672224384,0.10608474617911343,False,-,100
TOFU_idk,unlearned,Prompt,local_density_max,-0.21223095863522265,0.03401962136394989,True,-,100
TOFU_idk,unlearned,Prompt,local_density_min,-0.1535088368435829,0.12729857505268746,False,-,100
TOFU_idk,unlearned,Prompt,separability_mean,-0.16480869480969718,0.10129825571964023,False,-,100
TOFU_idk,unlearned,Prompt,separability_std,-0.0773614062577696,0.4442505067989559,False,-,100
TOFU_idk,unlearned,Prompt,separability_max,-0.17872778399426126,0.07521317076298155,False,-,100
TOFU_idk,unlearned,Prompt,separability_min,-0.14386663313373999,0.1532863554153347,False,-,100
TOFU_idk,unlearned,Prompt,centrality_mean,0.07746806061971058,0.44362083211451186,False,+,100
TOFU_idk,unlearned,Prompt,centrality_std,-0.11294512999302114,0.263210241080987,False,-,100
TOFU_idk,unlearned,Prompt,centrality_max,-0.1490833323380291,0.13877284512699467,False,-,100
TOFU_idk,unlearned,Prompt,centrality_min,0.08603095030664855,0.3947289797020864,False,+,100
TOFU_idk,unlearned,Prompt,isolation_mean,,,False,-,100
TOFU_idk,unlearned,Prompt,isolation_std,,,False,-,100
TOFU_idk,unlearned,Prompt,isolation_max,,,False,-,100
TOFU_idk,unlearned,Prompt,isolation_min,,,False,-,100
TOFU_idk,unlearned,Prompt,cluster_compactness_mean,,,False,-,100
TOFU_idk,unlearned,Prompt,cluster_compactness_std,,,False,-,100
TOFU_idk,unlearned,Prompt,cluster_compactness_max,,,False,-,100
TOFU_idk,unlearned,Prompt,cluster_compactness_min,,,False,-,100
TOFU_idk,unlearned,Prompt,cross_layer_consistency_mean,-0.12431444290283103,0.2178364476175544,False,-,100
TOFU_idk,unlearned,Prompt,cross_layer_consistency_std,-0.00900496417415465,0.929146056651238,False,-,100
TOFU_idk,unlearned,Prompt,cross_layer_consistency_max,-0.12431444290283103,0.2178364476175544,False,-,100
TOFU_idk,unlearned,Prompt,cross_layer_consistency_min,-0.12431444290283103,0.2178364476175544,False,-,100
