experiment,geometry,target,feature,pearson_r,pearson_p,spearman_r,spearman_p,significant,direction,n
HP,base,Unlearning,local_density_mean,0.10924733884939772,0.2792611653079656,0.15021654960957947,0.1357625943041409,False,+,100
HP,base,Unlearning,local_density_std,0.11173656987710355,0.2683857349790563,0.10947264968716239,0.2782648131204114,False,+,100
HP,base,Unlearning,local_density_max,0.13683378374676095,0.17461313216492327,0.176042993480026,0.0797725436759909,False,+,100
HP,base,Unlearning,local_density_min,0.0720103999210264,0.47647989928954093,0.06485850457378502,0.52145364846339,False,+,100
HP,base,Unlearning,separability_mean,-0.09557240895964801,0.3442119948112778,-0.16273105122979994,0.10573729198370245,False,-,100
HP,base,Unlearning,separability_std,-0.17126179331097016,0.08843756140846525,-0.11654328993987828,0.24820498057831125,False,-,100
HP,base,Unlearning,separability_max,-0.11031836629706643,0.274546222046767,-0.19862651212178328,0.04758244132076585,False,-,100
HP,base,Unlearning,separability_min,-0.03811549454620819,0.7065454044322029,-0.1067613515451435,0.29041301819670023,False,-,100
HP,base,Unlearning,centrality_mean,-0.14049943742518428,0.16324014845977594,-0.22296440014955277,0.025763348602497894,False,-,100
HP,base,Unlearning,centrality_std,-0.03238835859983166,0.7490475421321091,0.17157732595199487,0.08784360719460813,False,-,100
HP,base,Unlearning,centrality_max,-0.11548029308492343,0.25257526819108167,-0.007038742627515686,0.9445889796145268,False,-,100
HP,base,Unlearning,centrality_min,-0.04814300975956815,0.6343214029342347,-0.13586261826947948,0.17772159070238705,False,-,100
HP,base,Unlearning,isolation_mean,,,,,False,-,100
HP,base,Unlearning,isolation_std,,,,,False,-,100
HP,base,Unlearning,isolation_max,,,,,False,-,100
HP,base,Unlearning,isolation_min,,,,,False,-,100
HP,base,Unlearning,cluster_compactness_mean,,,,,False,-,100
HP,base,Unlearning,cluster_compactness_std,,,,,False,-,100
HP,base,Unlearning,cluster_compactness_max,,,,,False,-,100
HP,base,Unlearning,cluster_compactness_min,,,,,False,-,100
HP,base,Unlearning,cross_layer_consistency_mean,-0.05860891505891701,0.5624415465613495,-0.030954394002743076,0.7598136731784306,False,-,100
HP,base,Unlearning,cross_layer_consistency_std,-0.1202253770644857,0.23347082477257847,-0.12274352476431892,0.2237527323077424,False,-,100
HP,base,Unlearning,cross_layer_consistency_max,-0.05860891505891701,0.5624415465613495,-0.030954394002743076,0.7598136731784306,False,-,100
HP,base,Unlearning,cross_layer_consistency_min,-0.05860891505891701,0.5624415465613495,-0.030954394002743076,0.7598136731784306,False,-,100
HP,base,Steering,local_density_mean,-0.10417566658403003,0.302320994633494,-0.1920331318968856,0.0556147287110197,False,-,100
HP,base,Steering,local_density_std,-0.09942107249968296,0.32504078599482855,-0.15196351548215595,0.13121961675030364,False,-,100
HP,base,Steering,local_density_max,-0.12675361613963498,0.20887109707396015,-0.2247147407042269,0.02459374844421665,False,-,100
HP,base,Steering,local_density_min,-0.06920123298116734,0.49389130447998913,-0.0633074241934963,0.5314834747304917,False,-,100
HP,base,Steering,separability_mean,0.11711916802601827,0.24585926092927213,0.19943031715347562,0.04667245392095859,False,+,100
HP,base,Steering,separability_std,0.15409769437658175,0.12582827670256322,0.023026721847127028,0.820110909243729,False,+,100
HP,base,Steering,separability_max,0.12931725089743332,0.19973535688879723,0.20396407585912757,0.04180586707440266,False,+,100
HP,base,Steering,separability_min,0.062348527419576284,0.5377318363010902,0.1583511593265563,0.11559186175563585,False,+,100
HP,base,Steering,centrality_mean,0.14883057754784998,0.13945110861911367,0.21527093967565228,0.03148168117126328,False,+,100
HP,base,Steering,centrality_std,0.014778100620832001,0.883975870283274,-0.1451536997744763,0.14960417064040168,False,+,100
HP,base,Steering,centrality_max,0.11188054046174437,0.2677656150824787,-0.03195657452040507,0.7522843969702389,False,+,100
HP,base,Steering,centrality_min,0.06247807013751202,0.5368855931103719,0.10351470534625179,0.3054155575567481,False,+,100
HP,base,Steering,isolation_mean,,,,,False,-,100
HP,base,Steering,isolation_std,,,,,False,-,100
HP,base,Steering,isolation_max,,,,,False,-,100
HP,base,Steering,isolation_min,,,,,False,-,100
HP,base,Steering,cluster_compactness_mean,,,,,False,-,100
HP,base,Steering,cluster_compactness_std,,,,,False,-,100
HP,base,Steering,cluster_compactness_max,,,,,False,-,100
HP,base,Steering,cluster_compactness_min,,,,,False,-,100
HP,base,Steering,cross_layer_consistency_mean,0.07761977519755744,0.4427259927264108,0.09256575779966889,0.3596729886009059,False,+,100
HP,base,Steering,cross_layer_consistency_std,0.12008216975394272,0.23403221220180706,0.04978623038278354,0.6227842636966605,False,+,100
HP,base,Steering,cross_layer_consistency_max,0.07761977519755744,0.4427259927264108,0.09256575779966889,0.3596729886009059,False,+,100
HP,base,Steering,cross_layer_consistency_min,0.07761977519755744,0.4427259927264108,0.09256575779966889,0.3596729886009059,False,+,100
HP,base,Prompt,local_density_mean,-0.1407798372687751,0.16239338045255705,-0.14493908962682264,0.150213491272055,False,-,100
HP,base,Prompt,local_density_std,-0.12735315254348661,0.2067083514927104,-0.09250476243919115,0.3599910219424599,False,-,100
HP,base,Prompt,local_density_max,-0.16191530400096238,0.10752117236919691,-0.16234647015463868,0.10657539439883579,False,-,100
HP,base,Prompt,local_density_min,-0.09507854812980152,0.3467224710526673,-0.04566070982331491,0.6519161675129757,False,-,100
HP,base,Prompt,separability_mean,0.2037126016079824,0.04206425473905918,0.2674028271797562,0.007154359064151793,True,+,100
HP,base,Prompt,separability_std,0.13151289370625757,0.19214242470021145,0.03532890309653802,0.727122133179088,False,+,100
HP,base,Prompt,separability_max,0.21010039597993027,0.03589918257548399,0.26073530261753136,0.00879151073602174,True,+,100
HP,base,Prompt,separability_min,0.1567374726349739,0.11939669909888564,0.20858660989706984,0.03728697481492117,False,+,100
HP,base,Prompt,centrality_mean,0.19717731120355605,0.04926017901058201,0.23810489183289288,0.017054521645871085,True,+,100
HP,base,Prompt,centrality_std,-0.10750303075921602,0.28705548490000715,-0.2541493879030693,0.010723458422311849,False,-,100
HP,base,Prompt,centrality_max,0.09368816566247834,0.35385173973412787,0.09671583058375423,0.3384435337991185,False,+,100
HP,base,Prompt,centrality_min,0.14373613121561293,0.1536634661036461,0.23461199034864286,0.01879778797861129,False,+,100
HP,base,Prompt,isolation_mean,,,,,False,-,100
HP,base,Prompt,isolation_std,,,,,False,-,100
HP,base,Prompt,isolation_max,,,,,False,-,100
HP,base,Prompt,isolation_min,,,,,False,-,100
HP,base,Prompt,cluster_compactness_mean,,,,,False,-,100
HP,base,Prompt,cluster_compactness_std,,,,,False,-,100
HP,base,Prompt,cluster_compactness_max,,,,,False,-,100
HP,base,Prompt,cluster_compactness_min,,,,,False,-,100
HP,base,Prompt,cross_layer_consistency_mean,0.11714820785561368,0.2457413799319549,0.09509713037053442,0.3466278034053174,False,+,100
HP,base,Prompt,cross_layer_consistency_std,0.1273448595400319,0.20673815777569893,0.09759212681563227,0.3340643111050847,False,+,100
HP,base,Prompt,cross_layer_consistency_max,0.11714820785561368,0.2457413799319549,0.09509713037053442,0.3466278034053174,False,+,100
HP,base,Prompt,cross_layer_consistency_min,0.11714820785561368,0.2457413799319549,0.09509713037053442,0.3466278034053174,False,+,100
HP,base,Embedding,local_density_mean,0.11625854249247752,0.24937051815299816,0.058703108408595626,0.5618125908200446,False,+,100
HP,base,Embedding,local_density_std,0.02048568366480074,0.8396802505023265,-0.09155339564789121,0.364973986085364,False,+,100
HP,base,Embedding,local_density_max,0.09954708822819795,0.3244248631481976,0.013215721475085334,0.8961697822389056,False,+,100
HP,base,Embedding,local_density_min,0.1226302558501359,0.22418364863902035,0.0765940938731157,0.44879540575365273,False,+,100
HP,base,Embedding,separability_mean,-0.1193437929087825,0.23694167065258376,-0.1502024993569389,0.13579961057432008,False,-,100
HP,base,Embedding,separability_std,-0.13414843986896954,0.18330690902836153,-0.26885082426373247,0.006836696192308582,False,-,100
HP,base,Embedding,separability_max,-0.14141120124909334,0.16049870271583933,-0.1930513709696791,0.05430617429100295,False,-,100
HP,base,Embedding,separability_min,-0.05897994599647029,0.5599660077406222,-0.06077843186265163,0.5480406881957539,False,-,100
HP,base,Embedding,centrality_mean,-0.07066909940810086,0.48475179988876427,-0.15583441802407977,0.1215677333176975,False,-,100
HP,base,Embedding,centrality_std,0.08633836803458585,0.3930355961815098,0.11927323643013382,0.2372209990992691,False,+,100
HP,base,Embedding,centrality_max,0.08558506726381589,0.3971927931288443,0.07069986666531348,0.4845612013878239,False,+,100
HP,base,Embedding,centrality_min,-0.14054599191234807,0.16309933401171064,-0.14821204043074393,0.1411215380149912,False,-,100
HP,base,Embedding,isolation_mean,,,,,False,-,100
HP,base,Embedding,isolation_std,,,,,False,-,100
HP,base,Embedding,isolation_max,,,,,False,-,100
HP,base,Embedding,isolation_min,,,,,False,-,100
HP,base,Embedding,cluster_compactness_mean,,,,,False,-,100
HP,base,Embedding,cluster_compactness_std,,,,,False,-,100
HP,base,Embedding,cluster_compactness_max,,,,,False,-,100
HP,base,Embedding,cluster_compactness_min,,,,,False,-,100
HP,base,Embedding,cross_layer_consistency_mean,-0.007740958232691096,0.9390710467469527,-0.0475211260529757,0.6387108035366045,False,-,100
HP,base,Embedding,cross_layer_consistency_std,0.103313235786593,0.306362919774018,0.05143505784103097,0.6112987010908643,False,+,100
HP,base,Embedding,cross_layer_consistency_max,-0.007740958232691096,0.9390710467469527,-0.0475211260529757,0.6387108035366045,False,-,100
HP,base,Embedding,cross_layer_consistency_min,-0.007740958232691096,0.9390710467469527,-0.0475211260529757,0.6387108035366045,False,-,100
HP,unlearned,Unlearning,local_density_mean,0.06108170618907093,0.5460419954567226,0.10927063139422764,0.2791580522596325,False,+,100
HP,unlearned,Unlearning,local_density_std,0.05197922860502984,0.6075284473512526,0.11001490931556616,0.2758766504167266,False,+,100
HP,unlearned,Unlearning,local_density_max,0.06355141951035127,0.5298993571982408,0.1047411686157961,0.2996897244490281,False,+,100
HP,unlearned,Unlearning,local_density_min,0.03974539708581938,0.6946059369999608,0.06334868364764117,0.5312154354856808,False,+,100
HP,unlearned,Unlearning,separability_mean,-0.12576613951577206,0.2124683896528806,-0.125357667036873,0.21396922841348437,False,-,100
HP,unlearned,Unlearning,separability_std,-0.243031631452697,0.014833922786195611,-0.13518213559854145,0.1799236888047779,True,-,100
HP,unlearned,Unlearning,separability_max,-0.13350357238716223,0.1854408914280227,-0.14564455666421428,0.14821751320902266,False,-,100
HP,unlearned,Unlearning,separability_min,-0.032219604986604505,0.7503120833066207,-0.01233374841075256,0.9030641901776508,False,-,100
HP,unlearned,Unlearning,centrality_mean,-0.035351177504671885,0.7269568609051356,-0.052439695829165196,0.6043461327664577,False,-,100
HP,unlearned,Unlearning,centrality_std,0.12555389295074532,0.21324730407102183,0.062094043723099096,0.5393961796224214,False,+,100
HP,unlearned,Unlearning,centrality_max,0.08614032923603922,0.3941259782124325,-0.022838699643359054,0.821555311792722,False,+,100
HP,unlearned,Unlearning,centrality_min,-0.1351179996557888,0.18013226291522336,-0.06822902030327516,0.49999428306663585,False,-,100
HP,unlearned,Unlearning,isolation_mean,,,,,False,-,100
HP,unlearned,Unlearning,isolation_std,,,,,False,-,100
HP,unlearned,Unlearning,isolation_max,,,,,False,-,100
HP,unlearned,Unlearning,isolation_min,,,,,False,-,100
HP,unlearned,Unlearning,cluster_compactness_mean,,,,,False,-,100
HP,unlearned,Unlearning,cluster_compactness_std,,,,,False,-,100
HP,unlearned,Unlearning,cluster_compactness_max,,,,,False,-,100
HP,unlearned,Unlearning,cluster_compactness_min,,,,,False,-,100
HP,unlearned,Unlearning,cross_layer_consistency_mean,-0.015383976721292502,0.8792542975410197,-0.029575044479465157,0.7702132027857334,False,-,100
HP,unlearned,Unlearning,cross_layer_consistency_std,-0.07360499164929922,0.466745838689244,-0.06697813466805294,0.5079041829475331,False,-,100
HP,unlearned,Unlearning,cross_layer_consistency_max,-0.015383976721292502,0.8792542975410197,-0.029575044479465157,0.7702132027857334,False,-,100
HP,unlearned,Unlearning,cross_layer_consistency_min,-0.015383976721292502,0.8792542975410197,-0.029575044479465157,0.7702132027857334,False,-,100
HP,unlearned,Steering,local_density_mean,-0.0614901864250092,0.5433555917727054,-0.18720568841677845,0.06217507985300895,False,-,100
HP,unlearned,Steering,local_density_std,-0.04272147495888562,0.6729984686291175,-0.09979775741955334,0.32320190173929997,False,-,100
HP,unlearned,Steering,local_density_max,-0.05479108996320962,0.5882117326972134,-0.1626004109069548,0.1060214120615275,False,-,100
HP,unlearned,Steering,local_density_min,-0.0384167546400526,0.7043331279303284,-0.11176541197860221,0.2682614265849811,False,-,100
HP,unlearned,Steering,separability_mean,0.1341271948407038,0.1833769260325612,0.08290170523917834,0.4122120673974986,False,+,100
HP,unlearned,Steering,separability_std,0.2673752836140174,0.007160525957345126,0.17078687399489312,0.08933754689242454,True,+,100
HP,unlearned,Steering,separability_max,0.1509459425419429,0.133851481006006,0.14531889746010734,0.14913640785625362,False,+,100
HP,unlearned,Steering,separability_min,0.04145898730077533,0.682133426511577,-0.022824813564689087,0.8216620095151166,False,+,100
HP,unlearned,Steering,centrality_mean,0.03507725856098624,0.7289901590816618,0.07033750348201737,0.48680852244812867,False,+,100
HP,unlearned,Steering,centrality_std,-0.13852653545160346,0.1692909020993064,-0.06484926925938604,0.521513082140383,False,-,100
HP,unlearned,Steering,centrality_max,-0.09058847064035346,0.3700710653307434,-0.01586815546978184,0.8754841369847697,False,-,100
HP,unlearned,Steering,centrality_min,0.15198495789984984,0.1311645859287907,0.06351851012513599,0.5301128804966759,False,+,100
HP,unlearned,Steering,isolation_mean,,,,,False,-,100
HP,unlearned,Steering,isolation_std,,,,,False,-,100
HP,unlearned,Steering,isolation_max,,,,,False,-,100
HP,unlearned,Steering,isolation_min,,,,,False,-,100
HP,unlearned,Steering,cluster_compactness_mean,,,,,False,-,100
HP,unlearned,Steering,cluster_compactness_std,,,,,False,-,100
HP,unlearned,Steering,cluster_compactness_max,,,,,False,-,100
HP,unlearned,Steering,cluster_compactness_min,,,,,False,-,100
HP,unlearned,Steering,cross_layer_consistency_mean,0.00716021768105977,0.9436342474107972,-0.0067331593584083905,0.9469910524124798,False,+,100
HP,unlearned,Steering,cross_layer_consistency_std,0.10432617116338151,0.3016192264228952,0.07417800314177862,0.4632746558146901,False,+,100
HP,unlearned,Steering,cross_layer_consistency_max,0.00716021768105977,0.9436342474107972,-0.0067331593584083905,0.9469910524124798,False,+,100
HP,unlearned,Steering,cross_layer_consistency_min,0.00716021768105977,0.9436342474107972,-0.0067331593584083905,0.9469910524124798,False,+,100
HP,unlearned,Prompt,local_density_mean,-0.1218796468678907,0.22705400283674795,-0.12752354811423033,0.20609660436574934,False,-,100
HP,unlearned,Prompt,local_density_std,-0.07174913249334995,0.47808515966726656,0.011866071864718476,0.9067229860421104,False,-,100
HP,unlearned,Prompt,local_density_max,-0.10390477687439037,0.3035867838148163,-0.0650022437431105,0.5205290605482946,False,-,100
HP,unlearned,Prompt,local_density_min,-0.09130823120134461,0.36626492292712953,-0.10240403697282491,0.31066203507793955,False,-,100
HP,unlearned,Prompt,separability_mean,0.1693114134843571,0.09217998412307117,0.1337095745746544,0.18475723593185264,False,+,100
HP,unlearned,Prompt,separability_std,0.272890777279971,0.006015396861957769,0.18931036385548453,0.059241280581228954,True,+,100
HP,unlearned,Prompt,separability_max,0.1877885021331245,0.06135106426473558,0.17223758370349615,0.08661099801551242,False,+,100
HP,unlearned,Prompt,separability_min,0.0790714491779388,0.434215314758845,0.020435105879817787,0.8400708003098751,False,+,100
HP,unlearned,Prompt,centrality_mean,0.012247511990613039,0.9037386975252625,-0.02163477064193169,0.8308179203550012,False,+,100
HP,unlearned,Prompt,centrality_std,-0.10632223669016233,0.29241307552237134,-0.005851426084596387,0.9539246037032978,False,-,100
HP,unlearned,Prompt,centrality_max,-0.1201622039261237,0.23371835400791557,-0.04995338781564084,0.6216156741122716,False,-,100
HP,unlearned,Prompt,centrality_min,0.11261601423013418,0.2646128664524936,0.021928566093877958,0.8285553737180309,False,+,100
HP,unlearned,Prompt,isolation_mean,,,,,False,-,100
HP,unlearned,Prompt,isolation_std,,,,,False,-,100
HP,unlearned,Prompt,isolation_max,,,,,False,-,100
HP,unlearned,Prompt,isolation_min,,,,,False,-,100
HP,unlearned,Prompt,cluster_compactness_mean,,,,,False,-,100
HP,unlearned,Prompt,cluster_compactness_std,,,,,False,-,100
HP,unlearned,Prompt,cluster_compactness_max,,,,,False,-,100
HP,unlearned,Prompt,cluster_compactness_min,,,,,False,-,100
HP,unlearned,Prompt,cross_layer_consistency_mean,-0.002762929172182149,0.978234836500449,-0.05217550432141093,0.6061710745637577,False,-,100
HP,unlearned,Prompt,cross_layer_consistency_std,0.04924211984946308,0.6265945859657476,-0.005785298738504735,0.9544447441029303,False,+,100
HP,unlearned,Prompt,cross_layer_consistency_max,-0.002762929172182149,0.978234836500449,-0.05217550432141093,0.6061710745637577,False,-,100
HP,unlearned,Prompt,cross_layer_consistency_min,-0.002762929172182149,0.978234836500449,-0.05217550432141093,0.6061710745637577,False,-,100
HP,unlearned,Embedding,local_density_mean,0.10981757550304574,0.27674412891718236,0.06686553299741073,0.5086193710505231,False,+,100
HP,unlearned,Embedding,local_density_std,-0.024490739301697203,0.808885105138439,-0.049676608627013695,0.6235511326329682,False,-,100
HP,unlearned,Embedding,local_density_max,0.08738806784693359,0.3872861666410122,0.01941083200894028,0.8479882183255392,False,+,100
HP,unlearned,Embedding,local_density_min,0.12389073495855965,0.2194211697922528,0.1037970325311139,0.30409120434780934,False,+,100
HP,unlearned,Embedding,separability_mean,-0.10264372037376249,0.3095249140225169,-0.10594179059887437,0.29415325860213015,False,-,100
HP,unlearned,Embedding,separability_std,-0.015860703388814394,0.8755421433390976,-0.08376900395591158,0.40732175522225533,False,-,100
HP,unlearned,Embedding,separability_max,-0.1076511278176695,0.2863881618974709,-0.10902005847310615,0.28026864408336394,False,-,100
HP,unlearned,Embedding,separability_min,-0.0937565210999383,0.35349912582320475,-0.06700440222481968,0.5077374196652673,False,-,100
HP,unlearned,Embedding,centrality_mean,-0.048997742326569976,0.6283091304096664,-0.045225078392848936,0.6550240973447663,False,-,100
HP,unlearned,Embedding,centrality_std,0.05520961818130937,0.5853606237879807,0.07878514168334583,0.43588643239666347,False,+,100
HP,unlearned,Embedding,centrality_max,0.08491280921374669,0.40092470172991507,0.09898289931427019,0.32718825730602186,False,+,100
HP,unlearned,Embedding,centrality_min,-0.0008062157978506821,0.993648270247342,0.015005591517245167,0.8822025562159541,False,-,100
HP,unlearned,Embedding,isolation_mean,,,,,False,-,100
HP,unlearned,Embedding,isolation_std,,,,,False,-,100
HP,unlearned,Embedding,isolation_max,,,,,False,-,100
HP,unlearned,Embedding,isolation_min,,,,,False,-,100
HP,unlearned,Embedding,cluster_compactness_mean,,,,,False,-,100
HP,unlearned,Embedding,cluster_compactness_std,,,,,False,-,100
HP,unlearned,Embedding,cluster_compactness_max,,,,,False,-,100
HP,unlearned,Embedding,cluster_compactness_min,,,,,False,-,100
HP,unlearned,Embedding,cross_layer_consistency_mean,-0.17869203797474928,0.07527246899481305,-0.18870721401685042,0.06007023427013907,False,-,100
HP,unlearned,Embedding,cross_layer_consistency_std,0.14944820880388926,0.13779812139157205,0.18199764204814875,0.06994571765810016,False,+,100
HP,unlearned,Embedding,cross_layer_consistency_max,-0.17869203797474928,0.07527246899481305,-0.18870721401685042,0.06007023427013907,False,-,100
HP,unlearned,Embedding,cross_layer_consistency_min,-0.17869203797474928,0.07527246899481305,-0.18870721401685042,0.06007023427013907,False,-,100
TOFU_grad_diff,base,Unlearning,local_density_mean,-0.02831481310867017,0.779750395738776,0.023953078816610983,0.8130034132402877,False,-,100
TOFU_grad_diff,base,Unlearning,local_density_std,-0.023571331961353043,0.8159305736089166,0.123081127566572,0.22247182860347595,False,-,100
TOFU_grad_diff,base,Unlearning,local_density_max,0.02510826045039104,0.8041615194095187,0.06965104049919191,0.4910810174534552,False,+,100
TOFU_grad_diff,base,Unlearning,local_density_min,0.012056589436845287,0.9052322613015759,0.04089633933508107,0.6862194871541133,False,+,100
TOFU_grad_diff,base,Unlearning,separability_mean,0.4035075443034692,3.1440622833074155e-05,0.48719956950856963,2.7420749031512894e-07,True,+,100
TOFU_grad_diff,base,Unlearning,separability_std,0.08471294637547125,0.4020381868367573,-0.005214369254161724,0.9589362974730591,False,+,100
TOFU_grad_diff,base,Unlearning,separability_max,0.3612967057018532,0.00022152879438292914,0.37227707246368075,0.0001367314726927623,True,+,100
TOFU_grad_diff,base,Unlearning,separability_min,0.40072275790942496,3.606200007874289e-05,0.4976558244773372,1.3810654340311057e-07,True,+,100
TOFU_grad_diff,base,Unlearning,centrality_mean,0.18732004918156786,0.062012682958091835,0.23919371152566926,0.016540477038061083,False,+,100
TOFU_grad_diff,base,Unlearning,centrality_std,-0.44482201222835765,3.5398665976371607e-06,-0.322878146851365,0.0010513732322314346,True,-,100
TOFU_grad_diff,base,Unlearning,centrality_max,-0.03741847976352434,0.7116732090481495,-0.07071730334140176,0.48445320157530936,False,-,100
TOFU_grad_diff,base,Unlearning,centrality_min,0.4711236951071984,7.53613820058045e-07,0.4076288450192706,2.5607682279390768e-05,True,+,100
TOFU_grad_diff,base,Unlearning,isolation_mean,,,,,False,-,100
TOFU_grad_diff,base,Unlearning,isolation_std,,,,,False,-,100
TOFU_grad_diff,base,Unlearning,isolation_max,,,,,False,-,100
TOFU_grad_diff,base,Unlearning,isolation_min,,,,,False,-,100
TOFU_grad_diff,base,Unlearning,cluster_compactness_mean,,,,,False,-,100
TOFU_grad_diff,base,Unlearning,cluster_compactness_std,,,,,False,-,100
TOFU_grad_diff,base,Unlearning,cluster_compactness_max,,,,,False,-,100
TOFU_grad_diff,base,Unlearning,cluster_compactness_min,,,,,False,-,100
TOFU_grad_diff,base,Unlearning,cross_layer_consistency_mean,0.26460684460828704,0.007804849181803817,0.16396470940513508,0.10308353445125132,True,+,100
TOFU_grad_diff,base,Unlearning,cross_layer_consistency_std,0.052905370745033445,0.6011353421623585,-0.03747989479381714,0.7112208702062826,False,+,100
TOFU_grad_diff,base,Unlearning,cross_layer_consistency_max,0.26460684460828704,0.007804849181803817,0.16396470940513508,0.10308353445125132,True,+,100
TOFU_grad_diff,base,Unlearning,cross_layer_consistency_min,0.26460684460828704,0.007804849181803817,0.16396470940513508,0.10308353445125132,True,+,100
TOFU_grad_diff,base,Steering,local_density_mean,0.014594027731167811,0.8854111561472502,0.08571329330603719,0.3964833214124678,False,+,100
TOFU_grad_diff,base,Steering,local_density_std,0.028322399641653215,0.7796928829474719,-0.037455150988300275,0.7114031032102557,False,+,100
TOFU_grad_diff,base,Steering,local_density_max,-0.03973506355134224,0.694681402088459,0.02867975791079772,0.7769851338554403,False,-,100
TOFU_grad_diff,base,Steering,local_density_min,-0.027690068231572437,0.7844905739329894,0.08182108701534699,0.4183529009233289,False,-,100
TOFU_grad_diff,base,Steering,separability_mean,-0.42026368011422544,1.3419566863500231e-05,-0.43451886911544585,6.270340187922858e-06,True,-,100
TOFU_grad_diff,base,Steering,separability_std,-0.07362899493954411,0.46660014728553756,0.056179466678186844,0.5787782094787358,False,-,100
TOFU_grad_diff,base,Steering,separability_max,-0.37647866952215525,0.00011315675272020135,-0.2876777262591383,0.003705231317212357,True,-,100
TOFU_grad_diff,base,Steering,separability_min,-0.40814767527123486,2.494982795537575e-05,-0.4520500964448696,2.343654955354275e-06,True,-,100
TOFU_grad_diff,base,Steering,centrality_mean,-0.25082293811242296,0.011833556514647915,-0.30402890444515346,0.0021035664024296225,True,-,100
TOFU_grad_diff,base,Steering,centrality_std,0.3789300199962659,0.00010120688406241334,0.2705963519180858,0.006470394888822555,True,+,100
TOFU_grad_diff,base,Steering,centrality_max,-0.03164221945542697,0.754643653794312,0.004074755329449551,0.9679054420211692,False,-,100
TOFU_grad_diff,base,Steering,centrality_min,-0.4600938055161158,1.4645879305827203e-06,-0.4192955832046224,1.411374285598752e-05,True,-,100
TOFU_grad_diff,base,Steering,isolation_mean,,,,,False,-,100
TOFU_grad_diff,base,Steering,isolation_std,,,,,False,-,100
TOFU_grad_diff,base,Steering,isolation_max,,,,,False,-,100
TOFU_grad_diff,base,Steering,isolation_min,,,,,False,-,100
TOFU_grad_diff,base,Steering,cluster_compactness_mean,,,,,False,-,100
TOFU_grad_diff,base,Steering,cluster_compactness_std,,,,,False,-,100
TOFU_grad_diff,base,Steering,cluster_compactness_max,,,,,False,-,100
TOFU_grad_diff,base,Steering,cluster_compactness_min,,,,,False,-,100
TOFU_grad_diff,base,Steering,cross_layer_consistency_mean,-0.27156633870576,0.006274448119656173,-0.1572312526921543,0.11822231782578745,True,-,100
TOFU_grad_diff,base,Steering,cross_layer_consistency_std,-0.08206851152221621,0.41694219969478524,0.05912815115434783,0.558978630642312,False,-,100
TOFU_grad_diff,base,Steering,cross_layer_consistency_max,-0.27156633870576,0.006274448119656173,-0.1572312526921543,0.11822231782578745,True,-,100
TOFU_grad_diff,base,Steering,cross_layer_consistency_min,-0.27156633870576,0.006274448119656173,-0.1572312526921543,0.11822231782578745,True,-,100
TOFU_grad_diff,base,Prompt,local_density_mean,0.02793623203937018,0.7826218845627079,0.02145578463369184,0.8321969869927726,False,+,100
TOFU_grad_diff,base,Prompt,local_density_std,-0.08308497450027345,0.41117584716180844,-0.12989197106332798,0.1977273377659361,False,-,100
TOFU_grad_diff,base,Prompt,local_density_max,-0.0685332596855966,0.4980802217930059,-0.040498025567602944,0.6891175983962462,False,-,100
TOFU_grad_diff,base,Prompt,local_density_min,0.06040694827066592,0.5504937461774131,0.0326385371093426,0.7471740731147882,False,+,100
TOFU_grad_diff,base,Prompt,separability_mean,-0.464944251783864,1.0966236666648884e-06,-0.44888199671768214,2.8112244816270107e-06,True,-,100
TOFU_grad_diff,base,Prompt,separability_std,-0.006014645195312678,0.9526408480480684,0.015960331286498777,0.8747667029459542,False,-,100
TOFU_grad_diff,base,Prompt,separability_max,-0.37507870273332,0.00012055628805527256,-0.34553900635194235,0.000429833967798377,True,-,100
TOFU_grad_diff,base,Prompt,separability_min,-0.4730561207690438,6.691849327361762e-07,-0.45849285150168084,1.6097883404072277e-06,True,-,100
TOFU_grad_diff,base,Prompt,centrality_mean,-0.32594627342041455,0.0009351372158018141,-0.33461617396703713,0.0006671446301759164,True,-,100
TOFU_grad_diff,base,Prompt,centrality_std,0.35887048546265127,0.0002458840574677459,0.2592331590772188,0.009202919120384108,True,+,100
TOFU_grad_diff,base,Prompt,centrality_max,-0.013024750230072227,0.8976619730685986,-0.024178757012931647,0.8112741630885039,False,-,100
TOFU_grad_diff,base,Prompt,centrality_min,-0.46968805347954734,8.227759107199774e-07,-0.43682046679236763,5.5274348722531435e-06,True,-,100
TOFU_grad_diff,base,Prompt,isolation_mean,,,,,False,-,100
TOFU_grad_diff,base,Prompt,isolation_std,,,,,False,-,100
TOFU_grad_diff,base,Prompt,isolation_max,,,,,False,-,100
TOFU_grad_diff,base,Prompt,isolation_min,,,,,False,-,100
TOFU_grad_diff,base,Prompt,cluster_compactness_mean,,,,,False,-,100
TOFU_grad_diff,base,Prompt,cluster_compactness_std,,,,,False,-,100
TOFU_grad_diff,base,Prompt,cluster_compactness_max,,,,,False,-,100
TOFU_grad_diff,base,Prompt,cluster_compactness_min,,,,,False,-,100
TOFU_grad_diff,base,Prompt,cross_layer_consistency_mean,-0.18375650536394583,0.06723810626542281,-0.16750263304083543,0.09576160751235534,False,-,100
TOFU_grad_diff,base,Prompt,cross_layer_consistency_std,-0.053946569012023014,0.593983953824362,0.024429980167821313,0.8093502418580608,False,-,100
TOFU_grad_diff,base,Prompt,cross_layer_consistency_max,-0.18375650536394583,0.06723810626542281,-0.16750263304083543,0.09576160751235534,False,-,100
TOFU_grad_diff,base,Prompt,cross_layer_consistency_min,-0.18375650536394583,0.06723810626542281,-0.16750263304083543,0.09576160751235534,False,-,100
TOFU_grad_diff,unlearned,Unlearning,local_density_mean,-0.17244958483855233,0.08621815103716467,-0.07190051114049913,0.4771547154795708,False,-,100
TOFU_grad_diff,unlearned,Unlearning,local_density_std,0.09632712526545589,0.3403976235270824,0.043730534760825966,0.6657311618795466,False,+,100
TOFU_grad_diff,unlearned,Unlearning,local_density_max,-0.006105072817786954,0.951929665977424,-0.0058334896141545405,0.9540656853855141,False,-,100
TOFU_grad_diff,unlearned,Unlearning,local_density_min,-0.3047172689839251,0.002052559919256197,-0.15171888377379528,0.13184869924106732,True,-,100
TOFU_grad_diff,unlearned,Unlearning,separability_mean,0.3846494413397079,7.773491434344186e-05,0.45213671978764314,2.3319671665963912e-06,True,+,100
TOFU_grad_diff,unlearned,Unlearning,separability_std,-0.1324429206737119,0.18899002837196544,-0.03973376888131678,0.6946908571842682,False,-,100
TOFU_grad_diff,unlearned,Unlearning,separability_max,0.22947077072296082,0.021641933859327,0.33453136784945203,0.0006693839317673476,True,+,100
TOFU_grad_diff,unlearned,Unlearning,separability_min,0.39923790843518564,3.8778444919325876e-05,0.4504582157005515,2.5685550628442e-06,True,+,100
TOFU_grad_diff,unlearned,Unlearning,centrality_mean,0.01309811753759961,0.8970886609517335,0.0422652832421763,0.67629393354914,False,+,100
TOFU_grad_diff,unlearned,Unlearning,centrality_std,-0.24041626833996094,0.01597931245009204,-0.12468396138744227,0.2164610286659739,True,-,100
TOFU_grad_diff,unlearned,Unlearning,centrality_max,-0.1142577120901065,0.25766658703799633,-0.0852597526861219,0.3989961305295072,False,-,100
TOFU_grad_diff,unlearned,Unlearning,centrality_min,0.1205041092952975,0.23238086260387344,0.021992531009967058,0.8280629587436343,False,+,100
TOFU_grad_diff,unlearned,Unlearning,isolation_mean,,,,,False,-,100
TOFU_grad_diff,unlearned,Unlearning,isolation_std,,,,,False,-,100
TOFU_grad_diff,unlearned,Unlearning,isolation_max,,,,,False,-,100
TOFU_grad_diff,unlearned,Unlearning,isolation_min,,,,,False,-,100
TOFU_grad_diff,unlearned,Unlearning,cluster_compactness_mean,,,,,False,-,100
TOFU_grad_diff,unlearned,Unlearning,cluster_compactness_std,,,,,False,-,100
TOFU_grad_diff,unlearned,Unlearning,cluster_compactness_max,,,,,False,-,100
TOFU_grad_diff,unlearned,Unlearning,cluster_compactness_min,,,,,False,-,100
TOFU_grad_diff,unlearned,Unlearning,cross_layer_consistency_mean,0.029341918460730042,0.7719749261344647,-0.08144866844727461,0.4204814690645523,False,+,100
TOFU_grad_diff,unlearned,Unlearning,cross_layer_consistency_std,-0.10529491288524459,0.2971277802204496,-0.13539451505089573,0.17923427891304033,False,-,100
TOFU_grad_diff,unlearned,Unlearning,cross_layer_consistency_max,0.029341918460730042,0.7719749261344647,-0.08144866844727461,0.4204814690645523,False,+,100
TOFU_grad_diff,unlearned,Unlearning,cross_layer_consistency_min,0.029341918460730042,0.7719749261344647,-0.08144866844727461,0.4204814690645523,False,+,100
TOFU_grad_diff,unlearned,Steering,local_density_mean,0.16147037132016967,0.10850399582968422,0.1426229561392614,0.1569084745851658,False,+,100
TOFU_grad_diff,unlearned,Steering,local_density_std,-0.08877034768890407,0.3797926354249473,0.03157446409683868,0.755152458765782,False,-,100
TOFU_grad_diff,unlearned,Steering,local_density_max,0.0015880603235036454,0.9874889230313476,0.0886927544029307,0.3802109396137825,False,+,100
TOFU_grad_diff,unlearned,Steering,local_density_min,0.27794088346097073,0.005112540783945953,0.21604678737167873,0.030860200100263257,True,+,100
TOFU_grad_diff,unlearned,Steering,separability_mean,-0.4031889301135214,3.193980640843295e-05,-0.45077877278208134,2.5216884549928194e-06,True,-,100
TOFU_grad_diff,unlearned,Steering,separability_std,0.17777075558002725,0.07681377080514303,0.05142015245338977,0.6114021156376845,False,+,100
TOFU_grad_diff,unlearned,Steering,separability_max,-0.22203613843225412,0.026402618000974987,-0.30562620853429767,0.001986921148484352,True,-,100
TOFU_grad_diff,unlearned,Steering,separability_min,-0.4256607484584197,1.010147460034691e-05,-0.42426352490228725,1.087733129238288e-05,True,-,100
TOFU_grad_diff,unlearned,Steering,centrality_mean,-0.054321689805200815,0.5914168891148197,-0.0345604448022593,0.7328315692806944,False,-,100
TOFU_grad_diff,unlearned,Steering,centrality_std,0.28599655333202234,0.0039201568328439814,0.17241756710819653,0.08627739021483702,True,+,100
TOFU_grad_diff,unlearned,Steering,centrality_max,0.16525431625539905,0.10036546480979845,0.17182428273222866,0.08738095265279215,False,+,100
TOFU_grad_diff,unlearned,Steering,centrality_min,-0.12959272306764524,0.19877106018436153,-0.1005910399649234,0.31935117304525235,False,-,100
TOFU_grad_diff,unlearned,Steering,isolation_mean,,,,,False,-,100
TOFU_grad_diff,unlearned,Steering,isolation_std,,,,,False,-,100
TOFU_grad_diff,unlearned,Steering,isolation_max,,,,,False,-,100
TOFU_grad_diff,unlearned,Steering,isolation_min,,,,,False,-,100
TOFU_grad_diff,unlearned,Steering,cluster_compactness_mean,,,,,False,-,100
TOFU_grad_diff,unlearned,Steering,cluster_compactness_std,,,,,False,-,100
TOFU_grad_diff,unlearned,Steering,cluster_compactness_max,,,,,False,-,100
TOFU_grad_diff,unlearned,Steering,cluster_compactness_min,,,,,False,-,100
TOFU_grad_diff,unlearned,Steering,cross_layer_consistency_mean,-0.06571477359141263,0.5159580959325729,0.07358957563526418,0.4668394214954217,False,-,100
TOFU_grad_diff,unlearned,Steering,cross_layer_consistency_std,0.18084293213114697,0.07177071675681294,0.1772929287279769,0.07762309171822805,False,+,100
TOFU_grad_diff,unlearned,Steering,cross_layer_consistency_max,-0.06571477359141263,0.5159580959325729,0.07358957563526418,0.4668394214954217,False,-,100
TOFU_grad_diff,unlearned,Steering,cross_layer_consistency_min,-0.06571477359141263,0.5159580959325729,0.07358957563526418,0.4668394214954217,False,-,100
TOFU_grad_diff,unlearned,Prompt,local_density_mean,0.1189304899463786,0.2385811691106163,0.09537829615646343,0.3451973757841804,False,+,100
TOFU_grad_diff,unlearned,Prompt,local_density_std,-0.15214190157095941,0.13076233465820833,-0.08576125279887555,0.396218156304062,False,-,100
TOFU_grad_diff,unlearned,Prompt,local_density_max,-0.062397841999336554,0.5374096090309789,0.007017842450131684,0.9447532523299145,False,-,100
TOFU_grad_diff,unlearned,Prompt,local_density_min,0.26683690799250226,0.007282013092384047,0.20554109461748113,0.04021548123656422,True,+,100
TOFU_grad_diff,unlearned,Prompt,separability_mean,-0.5148261591775085,4.255876061995879e-08,-0.48968326239115495,2.3346520994511306e-07,True,-,100
TOFU_grad_diff,unlearned,Prompt,separability_std,0.0778781785401645,0.44120422622835936,0.020824550127595338,0.8370646099762609,False,+,100
TOFU_grad_diff,unlearned,Prompt,separability_max,-0.33961275535974544,0.0005466962443230649,-0.35347275769327285,0.00030919202331525773,True,-,100
TOFU_grad_diff,unlearned,Prompt,separability_min,-0.48945688349970723,2.369257490790503e-07,-0.47070290719313573,7.732920837201926e-07,True,-,100
TOFU_grad_diff,unlearned,Prompt,centrality_mean,0.04523261020991402,0.6549703128059848,0.04165528882877986,0.6807099951195013,False,+,100
TOFU_grad_diff,unlearned,Prompt,centrality_std,0.22223606296537063,0.026263806745465242,0.1297805767387227,0.19811539856798815,True,+,100
TOFU_grad_diff,unlearned,Prompt,centrality_max,0.19484607881809998,0.05206138742519069,0.1618188222099147,0.10773370191950833,False,+,100
TOFU_grad_diff,unlearned,Prompt,centrality_min,-0.012331895981662086,0.9030786784269369,0.03842485341522718,0.7042736891841526,False,-,100
TOFU_grad_diff,unlearned,Prompt,isolation_mean,,,,,False,-,100
TOFU_grad_diff,unlearned,Prompt,isolation_std,,,,,False,-,100
TOFU_grad_diff,unlearned,Prompt,isolation_max,,,,,False,-,100
TOFU_grad_diff,unlearned,Prompt,isolation_min,,,,,False,-,100
TOFU_grad_diff,unlearned,Prompt,cluster_compactness_mean,,,,,False,-,100
TOFU_grad_diff,unlearned,Prompt,cluster_compactness_std,,,,,False,-,100
TOFU_grad_diff,unlearned,Prompt,cluster_compactness_max,,,,,False,-,100
TOFU_grad_diff,unlearned,Prompt,cluster_compactness_min,,,,,False,-,100
TOFU_grad_diff,unlearned,Prompt,cross_layer_consistency_mean,0.12141344290985505,0.22884971824215236,0.1678707423344815,0.09502395031898862,False,+,100
TOFU_grad_diff,unlearned,Prompt,cross_layer_consistency_std,0.11719636213679019,0.24554599390716095,0.12490815244612112,0.21562955213336332,False,+,100
TOFU_grad_diff,unlearned,Prompt,cross_layer_consistency_max,0.12141344290985505,0.22884971824215236,0.1678707423344815,0.09502395031898862,False,+,100
TOFU_grad_diff,unlearned,Prompt,cross_layer_consistency_min,0.12141344290985505,0.22884971824215236,0.1678707423344815,0.09502395031898862,False,+,100
TOFU_grad_ascent,base,Unlearning,local_density_mean,0.09068943714082271,0.3695356936346191,0.11663786152919862,0.24781870856287777,False,+,100
TOFU_grad_ascent,base,Unlearning,local_density_std,0.08297233040422619,0.41181256618476886,0.1270830431586791,0.20768074456073485,False,+,100
TOFU_grad_ascent,base,Unlearning,local_density_max,0.09453082849475454,0.3495201172529767,0.12360131594885228,0.2205083073135767,False,+,100
TOFU_grad_ascent,base,Unlearning,local_density_min,0.07111474770793214,0.4819949858970489,0.09574749827023767,0.34332470128024994,False,+,100
TOFU_grad_ascent,base,Unlearning,separability_mean,0.01624403095386104,0.872559215599014,-0.0017408636049134124,0.9862852179005799,False,+,100
TOFU_grad_ascent,base,Unlearning,separability_std,-0.05724289186048553,0.5716002948951275,-0.07833886222110356,0.4384985407608808,False,-,100
TOFU_grad_ascent,base,Unlearning,separability_max,0.03680876937564663,0.7161692944841339,0.02611295407370118,0.7964914429897191,False,+,100
TOFU_grad_ascent,base,Unlearning,separability_min,0.046500521103761974,0.6459415003405222,0.05396677175231578,0.5938455725990911,False,+,100
TOFU_grad_ascent,base,Unlearning,centrality_mean,-0.13300784876359906,0.18709358596512274,-0.13404649757833276,0.1836430568962451,False,-,100
TOFU_grad_ascent,base,Unlearning,centrality_std,0.024258014494649066,0.8106670703919798,0.036558135703181664,0.7180203247420442,False,+,100
TOFU_grad_ascent,base,Unlearning,centrality_max,-0.14175960857461628,0.15946022606051455,-0.14797340641764004,0.14177002864729896,False,-,100
TOFU_grad_ascent,base,Unlearning,centrality_min,-0.16979748652993185,0.09123578259691137,-0.17234549688642783,0.08641085291486844,False,-,100
TOFU_grad_ascent,base,Unlearning,isolation_mean,,,,,False,-,100
TOFU_grad_ascent,base,Unlearning,isolation_std,,,,,False,-,100
TOFU_grad_ascent,base,Unlearning,isolation_max,,,,,False,-,100
TOFU_grad_ascent,base,Unlearning,isolation_min,,,,,False,-,100
TOFU_grad_ascent,base,Unlearning,cluster_compactness_mean,,,,,False,-,100
TOFU_grad_ascent,base,Unlearning,cluster_compactness_std,,,,,False,-,100
TOFU_grad_ascent,base,Unlearning,cluster_compactness_max,,,,,False,-,100
TOFU_grad_ascent,base,Unlearning,cluster_compactness_min,,,,,False,-,100
TOFU_grad_ascent,base,Unlearning,cross_layer_consistency_mean,0.030616116900540107,0.7623602203691849,0.040043467347720116,0.6924304358480551,False,+,100
TOFU_grad_ascent,base,Unlearning,cross_layer_consistency_std,0.10744561274498142,0.2873144873530766,0.11261325526678877,0.2646246459998905,False,+,100
TOFU_grad_ascent,base,Unlearning,cross_layer_consistency_max,0.030616116900540107,0.7623602203691849,0.040043467347720116,0.6924304358480551,False,+,100
TOFU_grad_ascent,base,Unlearning,cross_layer_consistency_min,0.030616116900540107,0.7623602203691849,0.040043467347720116,0.6924304358480551,False,+,100
TOFU_grad_ascent,base,Steering,local_density_mean,-0.09032455520668016,0.371472707975474,-0.06779734848981084,0.5027166402101249,False,-,100
TOFU_grad_ascent,base,Steering,local_density_std,-0.08058061387614938,0.4254670966478253,-0.01895356530773544,0.8515277235907099,False,-,100
TOFU_grad_ascent,base,Steering,local_density_max,-0.09104524973768098,0.36765279021745934,-0.006656017059766101,0.9475975142771791,False,-,100
TOFU_grad_ascent,base,Steering,local_density_min,-0.07048335404946357,0.4859033133594505,-0.04790352798404153,0.6360102332643491,False,-,100
TOFU_grad_ascent,base,Steering,separability_mean,-0.017115694702910033,0.8657829198828837,2.4743557842996656e-05,0.9998050571250419,False,-,100
TOFU_grad_ascent,base,Steering,separability_std,0.06732588037265347,0.5056987650648468,0.1725863159549017,0.08596553520425475,False,+,100
TOFU_grad_ascent,base,Steering,separability_max,-0.030389123897949163,0.7640704449113301,0.07556682565251178,0.4549205358987437,False,-,100
TOFU_grad_ascent,base,Steering,separability_min,-0.0505748577369886,0.6172792595307633,-0.11589882493659633,0.25084830270209013,False,-,100
TOFU_grad_ascent,base,Steering,centrality_mean,0.14201254960202728,0.1587094412960938,0.21747112988209763,0.02974623250757128,False,+,100
TOFU_grad_ascent,base,Steering,centrality_std,-0.024245596953990492,0.8107621782830846,-0.02256612475281295,0.8236503120962596,False,-,100
TOFU_grad_ascent,base,Steering,centrality_max,0.14274757237474608,0.15654268459309187,0.11233575260720481,0.26581127733708065,False,+,100
TOFU_grad_ascent,base,Steering,centrality_min,0.17613060188745686,0.07962035189358171,0.2327131615133836,0.019808316994417128,False,+,100
TOFU_grad_ascent,base,Steering,isolation_mean,,,,,False,-,100
TOFU_grad_ascent,base,Steering,isolation_std,,,,,False,-,100
TOFU_grad_ascent,base,Steering,isolation_max,,,,,False,-,100
TOFU_grad_ascent,base,Steering,isolation_min,,,,,False,-,100
TOFU_grad_ascent,base,Steering,cluster_compactness_mean,,,,,False,-,100
TOFU_grad_ascent,base,Steering,cluster_compactness_std,,,,,False,-,100
TOFU_grad_ascent,base,Steering,cluster_compactness_max,,,,,False,-,100
TOFU_grad_ascent,base,Steering,cluster_compactness_min,,,,,False,-,100
TOFU_grad_ascent,base,Steering,cross_layer_consistency_mean,-0.03240056372647269,0.7489561097424661,-0.06426480438944641,0.5252813620126349,False,-,100
TOFU_grad_ascent,base,Steering,cross_layer_consistency_std,-0.10023723512946704,0.32106493525138036,0.026130041718654715,0.796361156740323,False,-,100
TOFU_grad_ascent,base,Steering,cross_layer_consistency_max,-0.03240056372647269,0.7489561097424661,-0.06426480438944641,0.5252813620126349,False,-,100
TOFU_grad_ascent,base,Steering,cross_layer_consistency_min,-0.03240056372647269,0.7489561097424661,-0.06426480438944641,0.5252813620126349,False,-,100
TOFU_grad_ascent,base,Prompt,local_density_mean,-0.09068943714082271,0.3695356936346191,-0.11663786152919862,0.24781870856287777,False,-,100
TOFU_grad_ascent,base,Prompt,local_density_std,-0.08297233040422622,0.41181256618476886,-0.1270830431586791,0.20768074456073485,False,-,100
TOFU_grad_ascent,base,Prompt,local_density_max,-0.09453082849475455,0.3495201172529767,-0.12360131594885228,0.2205083073135767,False,-,100
TOFU_grad_ascent,base,Prompt,local_density_min,-0.07111474770793214,0.4819949858970489,-0.09574749827023767,0.34332470128024994,False,-,100
TOFU_grad_ascent,base,Prompt,separability_mean,-0.01624403095386104,0.872559215599014,0.0017408636049134124,0.9862852179005799,False,-,100
TOFU_grad_ascent,base,Prompt,separability_std,0.05724289186048553,0.5716002948951275,0.07833886222110356,0.4384985407608808,False,+,100
TOFU_grad_ascent,base,Prompt,separability_max,-0.03680876937564662,0.7161692944841339,-0.02611295407370118,0.7964914429897191,False,-,100
TOFU_grad_ascent,base,Prompt,separability_min,-0.04650052110376198,0.6459415003405222,-0.05396677175231578,0.5938455725990911,False,-,100
TOFU_grad_ascent,base,Prompt,centrality_mean,0.13300784876359903,0.18709358596512274,0.13404649757833276,0.1836430568962451,False,+,100
TOFU_grad_ascent,base,Prompt,centrality_std,-0.024258014494649066,0.8106670703919798,-0.036558135703181664,0.7180203247420442,False,-,100
TOFU_grad_ascent,base,Prompt,centrality_max,0.14175960857461636,0.1594602260605139,0.14797340641764004,0.14177002864729896,False,+,100
TOFU_grad_ascent,base,Prompt,centrality_min,0.16979748652993187,0.09123578259691137,0.17234549688642783,0.08641085291486844,False,+,100
TOFU_grad_ascent,base,Prompt,isolation_mean,,,,,False,-,100
TOFU_grad_ascent,base,Prompt,isolation_std,,,,,False,-,100
TOFU_grad_ascent,base,Prompt,isolation_max,,,,,False,-,100
TOFU_grad_ascent,base,Prompt,isolation_min,,,,,False,-,100
TOFU_grad_ascent,base,Prompt,cluster_compactness_mean,,,,,False,-,100
TOFU_grad_ascent,base,Prompt,cluster_compactness_std,,,,,False,-,100
TOFU_grad_ascent,base,Prompt,cluster_compactness_max,,,,,False,-,100
TOFU_grad_ascent,base,Prompt,cluster_compactness_min,,,,,False,-,100
TOFU_grad_ascent,base,Prompt,cross_layer_consistency_mean,-0.030616116900540103,0.7623602203691849,-0.040043467347720116,0.6924304358480551,False,-,100
TOFU_grad_ascent,base,Prompt,cross_layer_consistency_std,-0.10744561274498139,0.2873144873530766,-0.11261325526678877,0.2646246459998905,False,-,100
TOFU_grad_ascent,base,Prompt,cross_layer_consistency_max,-0.030616116900540103,0.7623602203691849,-0.040043467347720116,0.6924304358480551,False,-,100
TOFU_grad_ascent,base,Prompt,cross_layer_consistency_min,-0.030616116900540103,0.7623602203691849,-0.040043467347720116,0.6924304358480551,False,-,100
TOFU_grad_ascent,base,Embedding,local_density_mean,0.16491397754092965,0.10107726308408575,0.16410276761005868,0.10278982712256148,False,+,100
TOFU_grad_ascent,base,Embedding,local_density_std,-0.04586891517304786,0.650432861556907,-0.03862551662523371,0.7028015451142514,False,-,100
TOFU_grad_ascent,base,Embedding,local_density_max,0.10132371847417997,0.3158209963425245,0.14044712161704506,0.16339849698253728,False,+,100
TOFU_grad_ascent,base,Embedding,local_density_min,0.2660957976337561,0.007452225751611694,0.23616520878775824,0.018004507093175946,True,+,100
TOFU_grad_ascent,base,Embedding,separability_mean,-0.34094192212320323,0.000518202098671398,-0.3727238959743996,0.00013402358777964536,True,-,100
TOFU_grad_ascent,base,Embedding,separability_std,0.2561675465684919,0.010095342390300218,0.2516166192875206,0.01155995414413933,True,+,100
TOFU_grad_ascent,base,Embedding,separability_max,-0.17698294957803534,0.07815176709338986,-0.18420705707994814,0.06655836333808998,False,-,100
TOFU_grad_ascent,base,Embedding,separability_min,-0.4375132037646667,5.320608908344536e-06,-0.4404645168409073,4.5184687681116315e-06,True,-,100
TOFU_grad_ascent,base,Embedding,centrality_mean,0.05767771932178038,0.5686773496494943,0.05808574652228539,0.5659409710596354,False,+,100
TOFU_grad_ascent,base,Embedding,centrality_std,0.1685362997046944,0.09370161880881678,0.16278455222266175,0.10562110836331212,False,+,100
TOFU_grad_ascent,base,Embedding,centrality_max,0.20131548049811507,0.04459471954861405,0.23230687059907587,0.02003050264130039,True,+,100
TOFU_grad_ascent,base,Embedding,centrality_min,-0.07649264186216785,0.4493982588989011,-0.05621977953555912,0.5785053467449135,False,-,100
TOFU_grad_ascent,base,Embedding,isolation_mean,,,,,False,-,100
TOFU_grad_ascent,base,Embedding,isolation_std,,,,,False,-,100
TOFU_grad_ascent,base,Embedding,isolation_max,,,,,False,-,100
TOFU_grad_ascent,base,Embedding,isolation_min,,,,,False,-,100
TOFU_grad_ascent,base,Embedding,cluster_compactness_mean,,,,,False,-,100
TOFU_grad_ascent,base,Embedding,cluster_compactness_std,,,,,False,-,100
TOFU_grad_ascent,base,Embedding,cluster_compactness_max,,,,,False,-,100
TOFU_grad_ascent,base,Embedding,cluster_compactness_min,,,,,False,-,100
TOFU_grad_ascent,base,Embedding,cross_layer_consistency_mean,-0.14732545769882807,0.14354220412521473,-0.19827082005297184,0.04798978162273923,False,-,100
TOFU_grad_ascent,base,Embedding,cross_layer_consistency_std,-0.029910853364237197,0.7676775622989027,-0.03877192320033403,0.7017281406653606,False,-,100
TOFU_grad_ascent,base,Embedding,cross_layer_consistency_max,-0.14732545769882807,0.14354220412521473,-0.19827082005297184,0.04798978162273923,False,-,100
TOFU_grad_ascent,base,Embedding,cross_layer_consistency_min,-0.14732545769882807,0.14354220412521473,-0.19827082005297184,0.04798978162273923,False,-,100
TOFU_grad_ascent,unlearned,Unlearning,local_density_mean,0.16314253251462732,0.1048462764793394,0.17234549688642783,0.08641085291486844,False,+,100
TOFU_grad_ascent,unlearned,Unlearning,local_density_std,0.16599030339296278,0.0988396469277667,0.17234549688642783,0.08641085291486844,False,+,100
TOFU_grad_ascent,unlearned,Unlearning,local_density_max,0.20829211666462288,0.037562115985916425,0.17234549688642783,0.08641085291486844,True,+,100
TOFU_grad_ascent,unlearned,Unlearning,local_density_min,0.13059660755196678,0.19528530101748517,0.14797340641764004,0.14177002864729896,False,+,100
TOFU_grad_ascent,unlearned,Unlearning,separability_mean,0.07958453608784781,0.43122966959424425,0.1131561343193718,0.26231364556812775,False,+,100
TOFU_grad_ascent,unlearned,Unlearning,separability_std,0.04854084026241624,0.6315200368060427,0.04352159012283531,0.667233485619981,False,+,100
TOFU_grad_ascent,unlearned,Unlearning,separability_max,0.10629038407105397,0.29255850962690694,0.12011958873902545,0.23388543510981338,False,+,100
TOFU_grad_ascent,unlearned,Unlearning,separability_min,0.04211787693516878,0.6773600861524984,0.10619267989971815,0.29300490996874506,False,+,100
TOFU_grad_ascent,unlearned,Unlearning,centrality_mean,0.07657083631793316,0.448933568005,0.0853023166407572,0.39875990748105516,False,+,100
TOFU_grad_ascent,unlearned,Unlearning,centrality_std,0.11620937963336093,0.24957213382646073,0.11663786152919862,0.24781870856287777,False,+,100
TOFU_grad_ascent,unlearned,Unlearning,centrality_max,0.07768041356737032,0.4423686213798183,0.0853023166407572,0.39875990748105516,False,+,100
TOFU_grad_ascent,unlearned,Unlearning,centrality_min,-0.0822558511459571,0.4158759147247474,-0.10271095268989133,0.30920643312196,False,-,100
TOFU_grad_ascent,unlearned,Unlearning,isolation_mean,,,,,False,-,100
TOFU_grad_ascent,unlearned,Unlearning,isolation_std,,,,,False,-,100
TOFU_grad_ascent,unlearned,Unlearning,isolation_max,,,,,False,-,100
TOFU_grad_ascent,unlearned,Unlearning,isolation_min,,,,,False,-,100
TOFU_grad_ascent,unlearned,Unlearning,cluster_compactness_mean,,,,,False,-,100
TOFU_grad_ascent,unlearned,Unlearning,cluster_compactness_std,,,,,False,-,100
TOFU_grad_ascent,unlearned,Unlearning,cluster_compactness_max,,,,,False,-,100
TOFU_grad_ascent,unlearned,Unlearning,cluster_compactness_min,,,,,False,-,100
TOFU_grad_ascent,unlearned,Unlearning,cross_layer_consistency_mean,0.024260054434000058,0.8106514464397414,0.034832847420460375,0.7308060074783134,False,+,100
TOFU_grad_ascent,unlearned,Unlearning,cross_layer_consistency_std,0.10404474413498169,0.3029323250383369,0.10996374164207676,0.2761014076869411,False,+,100
TOFU_grad_ascent,unlearned,Unlearning,cross_layer_consistency_max,0.024260054434000058,0.8106514464397414,0.034832847420460375,0.7308060074783134,False,+,100
TOFU_grad_ascent,unlearned,Unlearning,cross_layer_consistency_min,0.024260054434000058,0.8106514464397414,0.034832847420460375,0.7308060074783134,False,+,100
TOFU_grad_ascent,unlearned,Steering,local_density_mean,-0.15448442334937335,0.12486977594948577,-0.017147285585196684,0.865537512292877,False,-,100
TOFU_grad_ascent,unlearned,Steering,local_density_std,-0.16927320964804596,0.09225452178410311,-0.1886201414371635,0.06019068305031457,False,-,100
TOFU_grad_ascent,unlearned,Steering,local_density_max,-0.20155139596153393,0.0443401994589185,-0.02204651003811002,0.8276474689236986,True,-,100
TOFU_grad_ascent,unlearned,Steering,local_density_min,-0.12047899332445386,0.23247893077775064,0.010144858715628629,0.9202048440495881,False,-,100
TOFU_grad_ascent,unlearned,Steering,separability_mean,-0.07484701016379204,0.45923994026160647,0.015538954325401902,0.8780472340407359,False,-,100
TOFU_grad_ascent,unlearned,Steering,separability_std,-0.0523297485941167,0.6051053145441153,-0.14269609808056172,0.15669370146250117,False,-,100
TOFU_grad_ascent,unlearned,Steering,separability_max,-0.10343793052255122,0.3057763468538671,-0.043350713340930144,0.6684630766944357,False,-,100
TOFU_grad_ascent,unlearned,Steering,separability_min,-0.037632229062206764,0.7100993181088465,0.022986765236143892,0.8204178092328159,False,-,100
TOFU_grad_ascent,unlearned,Steering,centrality_mean,-0.07254159220944685,0.4732251700544109,0.00858601457151984,0.932434527315728,False,-,100
TOFU_grad_ascent,unlearned,Steering,centrality_std,-0.11725749052543841,0.24529811999109774,-0.09474308298083421,0.3484342922975371,False,-,100
TOFU_grad_ascent,unlearned,Steering,centrality_max,-0.07879016661019472,0.4358570714943269,-0.0820496378073769,0.41704971156683135,False,-,100
TOFU_grad_ascent,unlearned,Steering,centrality_min,0.08353547575573428,0.4086351545642238,0.08719629783872022,0.3883327446716812,False,+,100
TOFU_grad_ascent,unlearned,Steering,isolation_mean,,,,,False,-,100
TOFU_grad_ascent,unlearned,Steering,isolation_std,,,,,False,-,100
TOFU_grad_ascent,unlearned,Steering,isolation_max,,,,,False,-,100
TOFU_grad_ascent,unlearned,Steering,isolation_min,,,,,False,-,100
TOFU_grad_ascent,unlearned,Steering,cluster_compactness_mean,,,,,False,-,100
TOFU_grad_ascent,unlearned,Steering,cluster_compactness_std,,,,,False,-,100
TOFU_grad_ascent,unlearned,Steering,cluster_compactness_max,,,,,False,-,100
TOFU_grad_ascent,unlearned,Steering,cluster_compactness_min,,,,,False,-,100
TOFU_grad_ascent,unlearned,Steering,cross_layer_consistency_mean,-0.019016528469578197,0.8510401762655097,0.07180079486660025,0.477767508758419,False,-,100
TOFU_grad_ascent,unlearned,Steering,cross_layer_consistency_std,-0.10851353413153463,0.2825226806787037,-0.15629565660822686,0.12045510222858358,False,-,100
TOFU_grad_ascent,unlearned,Steering,cross_layer_consistency_max,-0.019016528469578197,0.8510401762655097,0.07180079486660025,0.477767508758419,False,-,100
TOFU_grad_ascent,unlearned,Steering,cross_layer_consistency_min,-0.019016528469578197,0.8510401762655097,0.07180079486660025,0.477767508758419,False,-,100
TOFU_grad_ascent,unlearned,Prompt,local_density_mean,-0.16314253251462732,0.1048462764793394,-0.17234549688642783,0.08641085291486844,False,-,100
TOFU_grad_ascent,unlearned,Prompt,local_density_std,-0.16599030339296275,0.0988396469277667,-0.17234549688642783,0.08641085291486844,False,-,100
TOFU_grad_ascent,unlearned,Prompt,local_density_max,-0.2082921166646229,0.037562115985916425,-0.17234549688642783,0.08641085291486844,True,-,100
TOFU_grad_ascent,unlearned,Prompt,local_density_min,-0.13059660755196678,0.19528530101748517,-0.14797340641764004,0.14177002864729896,False,-,100
TOFU_grad_ascent,unlearned,Prompt,separability_mean,-0.07958453608784784,0.43122966959424425,-0.1131561343193718,0.26231364556812775,False,-,100
TOFU_grad_ascent,unlearned,Prompt,separability_std,-0.04854084026241625,0.6315200368060427,-0.04352159012283531,0.667233485619981,False,-,100
TOFU_grad_ascent,unlearned,Prompt,separability_max,-0.10629038407105397,0.29255850962690694,-0.12011958873902545,0.23388543510981338,False,-,100
TOFU_grad_ascent,unlearned,Prompt,separability_min,-0.04211787693516879,0.6773600861524984,-0.10619267989971815,0.29300490996874506,False,-,100
TOFU_grad_ascent,unlearned,Prompt,centrality_mean,-0.07657083631793316,0.448933568005,-0.0853023166407572,0.39875990748105516,False,-,100
TOFU_grad_ascent,unlearned,Prompt,centrality_std,-0.1162093796333609,0.24957213382646073,-0.11663786152919862,0.24781870856287777,False,-,100
TOFU_grad_ascent,unlearned,Prompt,centrality_max,-0.07768041356737032,0.4423686213798183,-0.0853023166407572,0.39875990748105516,False,-,100
TOFU_grad_ascent,unlearned,Prompt,centrality_min,0.08225585114595708,0.4158759147247474,0.10271095268989133,0.30920643312196,False,+,100
TOFU_grad_ascent,unlearned,Prompt,isolation_mean,,,,,False,-,100
TOFU_grad_ascent,unlearned,Prompt,isolation_std,,,,,False,-,100
TOFU_grad_ascent,unlearned,Prompt,isolation_max,,,,,False,-,100
TOFU_grad_ascent,unlearned,Prompt,isolation_min,,,,,False,-,100
TOFU_grad_ascent,unlearned,Prompt,cluster_compactness_mean,,,,,False,-,100
TOFU_grad_ascent,unlearned,Prompt,cluster_compactness_std,,,,,False,-,100
TOFU_grad_ascent,unlearned,Prompt,cluster_compactness_max,,,,,False,-,100
TOFU_grad_ascent,unlearned,Prompt,cluster_compactness_min,,,,,False,-,100
TOFU_grad_ascent,unlearned,Prompt,cross_layer_consistency_mean,-0.024260054434000058,0.8106514464397414,-0.034832847420460375,0.7308060074783134,False,-,100
TOFU_grad_ascent,unlearned,Prompt,cross_layer_consistency_std,-0.10404474413498167,0.3029323250383369,-0.10996374164207676,0.2761014076869411,False,-,100
TOFU_grad_ascent,unlearned,Prompt,cross_layer_consistency_max,-0.024260054434000058,0.8106514464397414,-0.034832847420460375,0.7308060074783134,False,-,100
TOFU_grad_ascent,unlearned,Prompt,cross_layer_consistency_min,-0.024260054434000058,0.8106514464397414,-0.034832847420460375,0.7308060074783134,False,-,100
TOFU_grad_ascent,unlearned,Embedding,local_density_mean,-0.20114370276368237,0.04478080643022825,-0.20015204594394131,0.04586771699501379,True,-,100
TOFU_grad_ascent,unlearned,Embedding,local_density_std,-0.22456396953485308,0.024692680728938692,-0.24291880543003846,0.014881823040248633,True,-,100
TOFU_grad_ascent,unlearned,Embedding,local_density_max,-0.23903938219843113,0.016612512792268882,-0.2347868009169185,0.018707028671824756,True,-,100
TOFU_grad_ascent,unlearned,Embedding,local_density_min,-0.13217526525840537,0.18989339350092227,-0.13085845900460977,0.19438338297042043,False,-,100
TOFU_grad_ascent,unlearned,Embedding,separability_mean,-0.03795515215833676,0.7077238618357217,-0.04537309401916966,0.6539674443399277,False,-,100
TOFU_grad_ascent,unlearned,Embedding,separability_std,-0.08017920493426868,0.42778400983531295,0.023715838476456415,0.814822226044502,False,-,100
TOFU_grad_ascent,unlearned,Embedding,separability_max,-0.020859377395193477,0.8367958854175144,0.022518008055945036,0.824020264182014,False,-,100
TOFU_grad_ascent,unlearned,Embedding,separability_min,0.01510962322621274,0.8813918118735881,-0.05407090787665177,0.5931325095311712,False,+,100
TOFU_grad_ascent,unlearned,Embedding,centrality_mean,-0.011535441679345957,0.9093108017554875,0.03743370545306661,0.7115610582716213,False,-,100
TOFU_grad_ascent,unlearned,Embedding,centrality_std,0.12064098519622712,0.23184692304833937,0.11708039954455678,0.24601669414997399,False,+,100
TOFU_grad_ascent,unlearned,Embedding,centrality_max,0.09960866701980305,0.32412415887445717,0.1419037797163604,0.1590319708059072,False,+,100
TOFU_grad_ascent,unlearned,Embedding,centrality_min,-0.01952762685504432,0.8470846403507127,-0.010142433460108898,0.9202238573575594,False,-,100
TOFU_grad_ascent,unlearned,Embedding,isolation_mean,,,,,False,-,100
TOFU_grad_ascent,unlearned,Embedding,isolation_std,,,,,False,-,100
TOFU_grad_ascent,unlearned,Embedding,isolation_max,,,,,False,-,100
TOFU_grad_ascent,unlearned,Embedding,isolation_min,,,,,False,-,100
TOFU_grad_ascent,unlearned,Embedding,cluster_compactness_mean,,,,,False,-,100
TOFU_grad_ascent,unlearned,Embedding,cluster_compactness_std,,,,,False,-,100
TOFU_grad_ascent,unlearned,Embedding,cluster_compactness_max,,,,,False,-,100
TOFU_grad_ascent,unlearned,Embedding,cluster_compactness_min,,,,,False,-,100
TOFU_grad_ascent,unlearned,Embedding,cross_layer_consistency_mean,0.038114236342897505,0.706554649071123,-0.03250041570184236,0.7482082182228526,False,+,100
TOFU_grad_ascent,unlearned,Embedding,cross_layer_consistency_std,0.0053266919420818576,0.9580525389645108,0.025264501974438355,0.8029674938318143,False,+,100
TOFU_grad_ascent,unlearned,Embedding,cross_layer_consistency_max,0.038114236342897505,0.706554649071123,-0.03250041570184236,0.7482082182228526,False,+,100
TOFU_grad_ascent,unlearned,Embedding,cross_layer_consistency_min,0.038114236342897505,0.706554649071123,-0.03250041570184236,0.7482082182228526,False,+,100
TOFU_KL,base,Unlearning,local_density_mean,0.09077935353110365,0.36905931407562825,0.11663786152919862,0.24781870856287777,False,+,100
TOFU_KL,base,Unlearning,local_density_std,0.07869957544332616,0.4363865726067544,0.11663786152919862,0.24781870856287777,False,+,100
TOFU_KL,base,Unlearning,local_density_max,0.09223208231639787,0.3614149168339748,0.12360131594885228,0.2205083073135767,False,+,100
TOFU_KL,base,Unlearning,local_density_min,0.0798081933976725,0.4299318881329259,0.10271095268989133,0.30920643312196,False,+,100
TOFU_KL,base,Unlearning,separability_mean,0.01544322393757081,0.8787928100065803,-0.0017408636049134124,0.9862852179005799,False,+,100
TOFU_KL,base,Unlearning,separability_std,-0.06046640400798051,0.5501007781934913,-0.08182058943093039,0.4183557407065287,False,-,100
TOFU_KL,base,Unlearning,separability_max,0.03160662078216867,0.7549109669301417,0.022631226863874362,0.8231498266588406,False,+,100
TOFU_KL,base,Unlearning,separability_min,0.04768766331723396,0.6375341138627965,0.05396677175231578,0.5938455725990911,False,+,100
TOFU_KL,base,Unlearning,centrality_mean,-0.12355687895441846,0.22067556113564912,-0.1375282247881596,0.17241503228327704,False,-,100
TOFU_KL,base,Unlearning,centrality_std,-0.15979228560947667,0.11227385383585838,-0.14797340641764004,0.14177002864729896,False,-,100
TOFU_KL,base,Unlearning,centrality_max,-0.1683265040591573,0.0941168636949218,-0.14797340641764004,0.14177002864729896,False,-,100
TOFU_KL,base,Unlearning,centrality_min,0.018840571455261575,0.8524028172790651,0.02959468128352801,0.7700648614562464,False,+,100
TOFU_KL,base,Unlearning,isolation_mean,,,,,False,-,100
TOFU_KL,base,Unlearning,isolation_std,,,,,False,-,100
TOFU_KL,base,Unlearning,isolation_max,,,,,False,-,100
TOFU_KL,base,Unlearning,isolation_min,,,,,False,-,100
TOFU_KL,base,Unlearning,cluster_compactness_mean,,,,,False,-,100
TOFU_KL,base,Unlearning,cluster_compactness_std,,,,,False,-,100
TOFU_KL,base,Unlearning,cluster_compactness_max,,,,,False,-,100
TOFU_KL,base,Unlearning,cluster_compactness_min,,,,,False,-,100
TOFU_KL,base,Unlearning,cross_layer_consistency_mean,0.03061611690054011,0.7623602203691849,0.040043467347720116,0.6924304358480551,False,+,100
TOFU_KL,base,Unlearning,cross_layer_consistency_std,0.10744561274498142,0.2873144873530766,0.11261325526678877,0.2646246459998905,False,+,100
TOFU_KL,base,Unlearning,cross_layer_consistency_max,0.03061611690054011,0.7623602203691849,0.040043467347720116,0.6924304358480551,False,+,100
TOFU_KL,base,Unlearning,cross_layer_consistency_min,0.03061611690054011,0.7623602203691849,0.040043467347720116,0.6924304358480551,False,+,100
TOFU_KL,base,Steering,local_density_mean,-0.09077935353110365,0.36905931407562825,-0.11663786152919862,0.24781870856287777,False,-,100
TOFU_KL,base,Steering,local_density_std,-0.07869957544332616,0.4363865726067544,-0.11663786152919862,0.24781870856287777,False,-,100
TOFU_KL,base,Steering,local_density_max,-0.09223208231639785,0.3614149168339748,-0.12360131594885228,0.2205083073135767,False,-,100
TOFU_KL,base,Steering,local_density_min,-0.0798081933976725,0.4299318881329259,-0.10271095268989133,0.30920643312196,False,-,100
TOFU_KL,base,Steering,separability_mean,-0.015443223937570808,0.8787928100065803,0.0017408636049134124,0.9862852179005799,False,-,100
TOFU_KL,base,Steering,separability_std,0.0604664040079805,0.5501007781934913,0.08182058943093039,0.4183557407065287,False,+,100
TOFU_KL,base,Steering,separability_max,-0.03160662078216868,0.7549109669301417,-0.022631226863874362,0.8231498266588406,False,-,100
TOFU_KL,base,Steering,separability_min,-0.047687663317233946,0.637534113862798,-0.05396677175231578,0.5938455725990911,False,-,100
TOFU_KL,base,Steering,centrality_mean,0.12355687895441843,0.22067556113564912,0.1375282247881596,0.17241503228327704,False,+,100
TOFU_KL,base,Steering,centrality_std,0.1597922856094767,0.11227385383585838,0.14797340641764004,0.14177002864729896,False,+,100
TOFU_KL,base,Steering,centrality_max,0.1683265040591573,0.0941168636949218,0.14797340641764004,0.14177002864729896,False,+,100
TOFU_KL,base,Steering,centrality_min,-0.01884057145526158,0.8524028172790651,-0.02959468128352801,0.7700648614562464,False,-,100
TOFU_KL,base,Steering,isolation_mean,,,,,False,-,100
TOFU_KL,base,Steering,isolation_std,,,,,False,-,100
TOFU_KL,base,Steering,isolation_max,,,,,False,-,100
TOFU_KL,base,Steering,isolation_min,,,,,False,-,100
TOFU_KL,base,Steering,cluster_compactness_mean,,,,,False,-,100
TOFU_KL,base,Steering,cluster_compactness_std,,,,,False,-,100
TOFU_KL,base,Steering,cluster_compactness_max,,,,,False,-,100
TOFU_KL,base,Steering,cluster_compactness_min,,,,,False,-,100
TOFU_KL,base,Steering,cross_layer_consistency_mean,-0.030616116900540103,0.7623602203691849,-0.040043467347720116,0.6924304358480551,False,-,100
TOFU_KL,base,Steering,cross_layer_consistency_std,-0.10744561274498139,0.2873144873530766,-0.11261325526678877,0.2646246459998905,False,-,100
TOFU_KL,base,Steering,cross_layer_consistency_max,-0.030616116900540103,0.7623602203691849,-0.040043467347720116,0.6924304358480551,False,-,100
TOFU_KL,base,Steering,cross_layer_consistency_min,-0.030616116900540103,0.7623602203691849,-0.040043467347720116,0.6924304358480551,False,-,100
TOFU_KL,base,Prompt,local_density_mean,-0.09077935353110365,0.36905931407562825,-0.11663786152919862,0.24781870856287777,False,-,100
TOFU_KL,base,Prompt,local_density_std,-0.07869957544332616,0.4363865726067544,-0.11663786152919862,0.24781870856287777,False,-,100
TOFU_KL,base,Prompt,local_density_max,-0.09223208231639785,0.3614149168339748,-0.12360131594885228,0.2205083073135767,False,-,100
TOFU_KL,base,Prompt,local_density_min,-0.0798081933976725,0.4299318881329259,-0.10271095268989133,0.30920643312196,False,-,100
TOFU_KL,base,Prompt,separability_mean,-0.015443223937570808,0.8787928100065803,0.0017408636049134124,0.9862852179005799,False,-,100
TOFU_KL,base,Prompt,separability_std,0.0604664040079805,0.5501007781934913,0.08182058943093039,0.4183557407065287,False,+,100
TOFU_KL,base,Prompt,separability_max,-0.03160662078216868,0.7549109669301417,-0.022631226863874362,0.8231498266588406,False,-,100
TOFU_KL,base,Prompt,separability_min,-0.047687663317233946,0.637534113862798,-0.05396677175231578,0.5938455725990911,False,-,100
TOFU_KL,base,Prompt,centrality_mean,0.12355687895441843,0.22067556113564912,0.1375282247881596,0.17241503228327704,False,+,100
TOFU_KL,base,Prompt,centrality_std,0.1597922856094767,0.11227385383585838,0.14797340641764004,0.14177002864729896,False,+,100
TOFU_KL,base,Prompt,centrality_max,0.1683265040591573,0.0941168636949218,0.14797340641764004,0.14177002864729896,False,+,100
TOFU_KL,base,Prompt,centrality_min,-0.01884057145526158,0.8524028172790651,-0.02959468128352801,0.7700648614562464,False,-,100
TOFU_KL,base,Prompt,isolation_mean,,,,,False,-,100
TOFU_KL,base,Prompt,isolation_std,,,,,False,-,100
TOFU_KL,base,Prompt,isolation_max,,,,,False,-,100
TOFU_KL,base,Prompt,isolation_min,,,,,False,-,100
TOFU_KL,base,Prompt,cluster_compactness_mean,,,,,False,-,100
TOFU_KL,base,Prompt,cluster_compactness_std,,,,,False,-,100
TOFU_KL,base,Prompt,cluster_compactness_max,,,,,False,-,100
TOFU_KL,base,Prompt,cluster_compactness_min,,,,,False,-,100
TOFU_KL,base,Prompt,cross_layer_consistency_mean,-0.030616116900540103,0.7623602203691849,-0.040043467347720116,0.6924304358480551,False,-,100
TOFU_KL,base,Prompt,cross_layer_consistency_std,-0.10744561274498139,0.2873144873530766,-0.11261325526678877,0.2646246459998905,False,-,100
TOFU_KL,base,Prompt,cross_layer_consistency_max,-0.030616116900540103,0.7623602203691849,-0.040043467347720116,0.6924304358480551,False,-,100
TOFU_KL,base,Prompt,cross_layer_consistency_min,-0.030616116900540103,0.7623602203691849,-0.040043467347720116,0.6924304358480551,False,-,100
TOFU_KL,unlearned,Unlearning,local_density_mean,0.14054884220443667,0.16309071559713642,0.16538204246677418,0.10009935053824902,False,+,100
TOFU_KL,unlearned,Unlearning,local_density_std,0.14266566617576149,0.15678303466712215,0.168863769676601,0.0930563563924743,False,+,100
TOFU_KL,unlearned,Unlearning,local_density_max,0.1514732914635849,0.13248256398833266,0.17234549688642783,0.08641085291486844,False,+,100
TOFU_KL,unlearned,Unlearning,local_density_min,0.11719687471467079,0.24554391469928413,0.14797340641764004,0.14177002864729896,False,+,100
TOFU_KL,unlearned,Unlearning,separability_mean,0.05767602130722224,0.5686887501477604,0.07137540780144991,0.4803864225556884,False,+,100
TOFU_KL,unlearned,Unlearning,separability_std,0.10046919373461716,0.3199407060466449,0.1270830431586791,0.20768074456073485,False,+,100
TOFU_KL,unlearned,Unlearning,separability_max,0.0678066866062433,0.5026576674431429,0.09226577106041085,0.3612388112471637,False,+,100
TOFU_KL,unlearned,Unlearning,separability_min,0.02912330833414795,0.7736280059883321,0.036558135703181664,0.7180203247420442,False,+,100
TOFU_KL,unlearned,Unlearning,centrality_mean,-0.06204940299156052,0.5396883951893677,-0.07137540780144991,0.4803864225556884,False,-,100
TOFU_KL,unlearned,Unlearning,centrality_std,0.06444209326331696,0.5241368616644361,0.07137540780144991,0.4803864225556884,False,+,100
TOFU_KL,unlearned,Unlearning,centrality_max,0.04247857189936208,0.6747524015593503,0.03307640849335483,0.7438986035982792,False,+,100
TOFU_KL,unlearned,Unlearning,centrality_min,-0.026038598424097587,0.7970584391504125,-0.02959468128352801,0.7700648614562464,False,-,100
TOFU_KL,unlearned,Unlearning,isolation_mean,,,,,False,-,100
TOFU_KL,unlearned,Unlearning,isolation_std,,,,,False,-,100
TOFU_KL,unlearned,Unlearning,isolation_max,,,,,False,-,100
TOFU_KL,unlearned,Unlearning,isolation_min,,,,,False,-,100
TOFU_KL,unlearned,Unlearning,cluster_compactness_mean,,,,,False,-,100
TOFU_KL,unlearned,Unlearning,cluster_compactness_std,,,,,False,-,100
TOFU_KL,unlearned,Unlearning,cluster_compactness_max,,,,,False,-,100
TOFU_KL,unlearned,Unlearning,cluster_compactness_min,,,,,False,-,100
TOFU_KL,unlearned,Unlearning,cross_layer_consistency_mean,0.053435541351617946,0.5974891211154219,0.08363199160317202,0.4080920335250552,False,+,100
TOFU_KL,unlearned,Unlearning,cross_layer_consistency_std,0.10223560581603032,0.31146273867054985,0.10633485251477837,0.29235548684913487,False,+,100
TOFU_KL,unlearned,Unlearning,cross_layer_consistency_max,0.053435541351617946,0.5974891211154219,0.08363199160317202,0.4080920335250552,False,+,100
TOFU_KL,unlearned,Unlearning,cross_layer_consistency_min,0.053435541351617946,0.5974891211154219,0.08363199160317202,0.4080920335250552,False,+,100
TOFU_KL,unlearned,Steering,local_density_mean,-0.1405488422044366,0.1630907155971371,-0.16538204246677418,0.10009935053824902,False,-,100
TOFU_KL,unlearned,Steering,local_density_std,-0.14266566617576149,0.15678303466712215,-0.168863769676601,0.0930563563924743,False,-,100
TOFU_KL,unlearned,Steering,local_density_max,-0.15147329146358496,0.13248256398833266,-0.17234549688642783,0.08641085291486844,False,-,100
TOFU_KL,unlearned,Steering,local_density_min,-0.11719687471467073,0.24554391469928413,-0.14797340641764004,0.14177002864729896,False,-,100
TOFU_KL,unlearned,Steering,separability_mean,-0.05767602130722225,0.5686887501477604,-0.07137540780144991,0.4803864225556884,False,-,100
TOFU_KL,unlearned,Steering,separability_std,-0.10046919373461712,0.3199407060466449,-0.1270830431586791,0.20768074456073485,False,-,100
TOFU_KL,unlearned,Steering,separability_max,-0.06780668660624328,0.5026576674431429,-0.09226577106041085,0.3612388112471637,False,-,100
TOFU_KL,unlearned,Steering,separability_min,-0.029123308334147936,0.7736280059883321,-0.036558135703181664,0.7180203247420442,False,-,100
TOFU_KL,unlearned,Steering,centrality_mean,0.06204940299156052,0.5396883951893677,0.07137540780144991,0.4803864225556884,False,+,100
TOFU_KL,unlearned,Steering,centrality_std,-0.06444209326331696,0.5241368616644361,-0.07137540780144991,0.4803864225556884,False,-,100
TOFU_KL,unlearned,Steering,centrality_max,-0.04247857189936207,0.6747524015593503,-0.03307640849335483,0.7438986035982792,False,-,100
TOFU_KL,unlearned,Steering,centrality_min,0.026038598424097587,0.7970584391504125,0.02959468128352801,0.7700648614562464,False,+,100
TOFU_KL,unlearned,Steering,isolation_mean,,,,,False,-,100
TOFU_KL,unlearned,Steering,isolation_std,,,,,False,-,100
TOFU_KL,unlearned,Steering,isolation_max,,,,,False,-,100
TOFU_KL,unlearned,Steering,isolation_min,,,,,False,-,100
TOFU_KL,unlearned,Steering,cluster_compactness_mean,,,,,False,-,100
TOFU_KL,unlearned,Steering,cluster_compactness_std,,,,,False,-,100
TOFU_KL,unlearned,Steering,cluster_compactness_max,,,,,False,-,100
TOFU_KL,unlearned,Steering,cluster_compactness_min,,,,,False,-,100
TOFU_KL,unlearned,Steering,cross_layer_consistency_mean,-0.05343554135161792,0.5974891211154219,-0.08363199160317202,0.4080920335250552,False,-,100
TOFU_KL,unlearned,Steering,cross_layer_consistency_std,-0.10223560581603036,0.31146273867054985,-0.10633485251477837,0.29235548684913487,False,-,100
TOFU_KL,unlearned,Steering,cross_layer_consistency_max,-0.05343554135161792,0.5974891211154219,-0.08363199160317202,0.4080920335250552,False,-,100
TOFU_KL,unlearned,Steering,cross_layer_consistency_min,-0.05343554135161792,0.5974891211154219,-0.08363199160317202,0.4080920335250552,False,-,100
TOFU_KL,unlearned,Prompt,local_density_mean,-0.1405488422044366,0.1630907155971371,-0.16538204246677418,0.10009935053824902,False,-,100
TOFU_KL,unlearned,Prompt,local_density_std,-0.14266566617576149,0.15678303466712215,-0.168863769676601,0.0930563563924743,False,-,100
TOFU_KL,unlearned,Prompt,local_density_max,-0.15147329146358496,0.13248256398833266,-0.17234549688642783,0.08641085291486844,False,-,100
TOFU_KL,unlearned,Prompt,local_density_min,-0.11719687471467073,0.24554391469928413,-0.14797340641764004,0.14177002864729896,False,-,100
TOFU_KL,unlearned,Prompt,separability_mean,-0.05767602130722225,0.5686887501477604,-0.07137540780144991,0.4803864225556884,False,-,100
TOFU_KL,unlearned,Prompt,separability_std,-0.10046919373461712,0.3199407060466449,-0.1270830431586791,0.20768074456073485,False,-,100
TOFU_KL,unlearned,Prompt,separability_max,-0.06780668660624328,0.5026576674431429,-0.09226577106041085,0.3612388112471637,False,-,100
TOFU_KL,unlearned,Prompt,separability_min,-0.029123308334147936,0.7736280059883321,-0.036558135703181664,0.7180203247420442,False,-,100
TOFU_KL,unlearned,Prompt,centrality_mean,0.06204940299156052,0.5396883951893677,0.07137540780144991,0.4803864225556884,False,+,100
TOFU_KL,unlearned,Prompt,centrality_std,-0.06444209326331696,0.5241368616644361,-0.07137540780144991,0.4803864225556884,False,-,100
TOFU_KL,unlearned,Prompt,centrality_max,-0.04247857189936207,0.6747524015593503,-0.03307640849335483,0.7438986035982792,False,-,100
TOFU_KL,unlearned,Prompt,centrality_min,0.026038598424097587,0.7970584391504125,0.02959468128352801,0.7700648614562464,False,+,100
TOFU_KL,unlearned,Prompt,isolation_mean,,,,,False,-,100
TOFU_KL,unlearned,Prompt,isolation_std,,,,,False,-,100
TOFU_KL,unlearned,Prompt,isolation_max,,,,,False,-,100
TOFU_KL,unlearned,Prompt,isolation_min,,,,,False,-,100
TOFU_KL,unlearned,Prompt,cluster_compactness_mean,,,,,False,-,100
TOFU_KL,unlearned,Prompt,cluster_compactness_std,,,,,False,-,100
TOFU_KL,unlearned,Prompt,cluster_compactness_max,,,,,False,-,100
TOFU_KL,unlearned,Prompt,cluster_compactness_min,,,,,False,-,100
TOFU_KL,unlearned,Prompt,cross_layer_consistency_mean,-0.05343554135161792,0.5974891211154219,-0.08363199160317202,0.4080920335250552,False,-,100
TOFU_KL,unlearned,Prompt,cross_layer_consistency_std,-0.10223560581603036,0.31146273867054985,-0.10633485251477837,0.29235548684913487,False,-,100
TOFU_KL,unlearned,Prompt,cross_layer_consistency_max,-0.05343554135161792,0.5974891211154219,-0.08363199160317202,0.4080920335250552,False,-,100
TOFU_KL,unlearned,Prompt,cross_layer_consistency_min,-0.05343554135161792,0.5974891211154219,-0.08363199160317202,0.4080920335250552,False,-,100
TOFU_idk,base,Unlearning,local_density_mean,0.25233964238462175,0.011315536572453579,0.22727383651958233,0.02296540568284606,True,+,100
TOFU_idk,base,Unlearning,local_density_std,0.2555365240566733,0.010288178014608271,0.3015256598490416,0.0022988438588979394,True,+,100
TOFU_idk,base,Unlearning,local_density_max,0.2732233559871629,0.005951855839008324,0.25867347166709886,0.009360478207156226,True,+,100
TOFU_idk,base,Unlearning,local_density_min,0.17814715749397017,0.07618101916590841,0.17092679363110905,0.08907164382347559,False,+,100
TOFU_idk,base,Unlearning,separability_mean,0.31365818800835715,0.0014842667163169694,0.35160723448091136,0.00033435477044867055,True,+,100
TOFU_idk,base,Unlearning,separability_std,0.04871180777583488,0.6303177465631739,0.1044345117579048,0.3011147206740358,False,+,100
TOFU_idk,base,Unlearning,separability_max,0.2573940204341625,0.009729588080000552,0.2861752626203631,0.0038967922712289183,True,+,100
TOFU_idk,base,Unlearning,separability_min,0.28732627973110747,0.003749268665849525,0.2889465274261685,0.003550073578465008,True,+,100
TOFU_idk,base,Unlearning,centrality_mean,0.19072740033700641,0.05733048051630828,0.2506127057754302,0.011906969477852802,False,+,100
TOFU_idk,base,Unlearning,centrality_std,-0.04267487575827676,0.6733348126408695,-0.07201071352998191,0.4764779741847318,False,-,100
TOFU_idk,base,Unlearning,centrality_max,0.01278435249091466,0.8995408734816795,-0.005687117340609296,0.955217048459637,False,+,100
TOFU_idk,base,Unlearning,centrality_min,0.06040378571020757,0.5505146526806383,0.05616630822722506,0.5788672870238031,False,+,100
TOFU_idk,base,Unlearning,isolation_mean,,,,,False,-,100
TOFU_idk,base,Unlearning,isolation_std,,,,,False,-,100
TOFU_idk,base,Unlearning,isolation_max,,,,,False,-,100
TOFU_idk,base,Unlearning,isolation_min,,,,,False,-,100
TOFU_idk,base,Unlearning,cluster_compactness_mean,,,,,False,-,100
TOFU_idk,base,Unlearning,cluster_compactness_std,,,,,False,-,100
TOFU_idk,base,Unlearning,cluster_compactness_max,,,,,False,-,100
TOFU_idk,base,Unlearning,cluster_compactness_min,,,,,False,-,100
TOFU_idk,base,Unlearning,cross_layer_consistency_mean,0.11894073775906981,0.23854042281768348,0.06848652782833002,0.49837397619813617,False,+,100
TOFU_idk,base,Unlearning,cross_layer_consistency_std,-0.035552089360842296,0.725466695605212,-0.04565488512995077,0.6519576835949895,False,-,100
TOFU_idk,base,Unlearning,cross_layer_consistency_max,0.11894073775906981,0.23854042281768348,0.06848652782833002,0.49837397619813617,False,+,100
TOFU_idk,base,Unlearning,cross_layer_consistency_min,0.11894073775906981,0.23854042281768348,0.06848652782833002,0.49837397619813617,False,+,100
TOFU_idk,base,Steering,local_density_mean,-0.22833153392232958,0.022319833626247485,-0.20137590585465465,0.04452941363853209,True,-,100
TOFU_idk,base,Steering,local_density_std,-0.12084960031811137,0.231034786480663,-0.12340393548979735,0.22125190074715456,False,-,100
TOFU_idk,base,Steering,local_density_max,-0.19004411409541921,0.05824546007975034,-0.16935374673809653,0.09209744539157821,False,-,100
TOFU_idk,base,Steering,local_density_min,-0.2142400932583482,0.03232374925189382,-0.21641752929827296,0.030566904116289154,True,-,100
TOFU_idk,base,Steering,separability_mean,-0.280534287250446,0.004697506607776667,-0.30843758112588504,0.0017957292492336182,True,-,100
TOFU_idk,base,Steering,separability_std,-0.008771685389011557,0.9309769937205674,-0.08459558357061397,0.40269289423120536,False,-,100
TOFU_idk,base,Steering,separability_max,-0.2065164160087493,0.03925741530317181,-0.25345557005155406,0.01094716360087914,True,-,100
TOFU_idk,base,Steering,separability_min,-0.25659140977159084,0.009967598999021277,-0.24255671559480904,0.015036455601561931,True,-,100
TOFU_idk,base,Steering,centrality_mean,-0.1444004850634444,0.15175090003531028,-0.12215147044725426,0.22601157509046618,False,-,100
TOFU_idk,base,Steering,centrality_std,-0.08050086697098831,0.4259268168900133,-0.03944060590700559,0.6968330554632136,False,-,100
TOFU_idk,base,Steering,centrality_max,-0.06657660836098792,0.5104568474657889,-0.038242334063418704,0.7056136710152824,False,-,100
TOFU_idk,base,Steering,centrality_min,0.06423301755042186,0.5254866971332931,0.08570353341594054,0.39653729616143596,False,+,100
TOFU_idk,base,Steering,isolation_mean,,,,,False,-,100
TOFU_idk,base,Steering,isolation_std,,,,,False,-,100
TOFU_idk,base,Steering,isolation_max,,,,,False,-,100
TOFU_idk,base,Steering,isolation_min,,,,,False,-,100
TOFU_idk,base,Steering,cluster_compactness_mean,,,,,False,-,100
TOFU_idk,base,Steering,cluster_compactness_std,,,,,False,-,100
TOFU_idk,base,Steering,cluster_compactness_max,,,,,False,-,100
TOFU_idk,base,Steering,cluster_compactness_min,,,,,False,-,100
TOFU_idk,base,Steering,cross_layer_consistency_mean,-0.1545380084419802,0.12473740960921047,-0.09790882698670099,0.3324905177905497,False,-,100
TOFU_idk,base,Steering,cross_layer_consistency_std,-0.009946787500410812,0.9217578125789356,0.0009251042132870494,0.9927116379758374,False,-,100
TOFU_idk,base,Steering,cross_layer_consistency_max,-0.1545380084419802,0.12473740960921047,-0.09790882698670099,0.3324905177905497,False,-,100
TOFU_idk,base,Steering,cross_layer_consistency_min,-0.1545380084419802,0.12473740960921047,-0.09790882698670099,0.3324905177905497,False,-,100
TOFU_idk,base,Prompt,local_density_mean,-0.22775163918299388,0.022671824937562098,-0.19247022550489515,0.05504987901290565,True,-,100
TOFU_idk,base,Prompt,local_density_std,-0.23637364889940413,0.017900278822792826,-0.19546984281469976,0.051299319670604075,True,-,100
TOFU_idk,base,Prompt,local_density_max,-0.24821223846027685,0.012773814719597416,-0.1903222740701081,0.057871548460763436,True,-,100
TOFU_idk,base,Prompt,local_density_min,-0.15426910249003614,0.1254027507735425,-0.1340371793299748,0.18367380560533533,False,-,100
TOFU_idk,base,Prompt,separability_mean,-0.21274843194051804,0.0335758274606692,-0.16804745408894942,0.09467143203600999,True,-,100
TOFU_idk,base,Prompt,separability_std,-0.11630567739371868,0.2491773243541562,-0.1200911506265617,0.23399697859956609,False,-,100
TOFU_idk,base,Prompt,separability_max,-0.21773139322733065,0.02954640569109452,-0.19619626370809712,0.05042344650531981,True,-,100
TOFU_idk,base,Prompt,separability_min,-0.18401822398831055,0.06684257253584178,-0.14889123415013458,0.13928810890844745,False,-,100
TOFU_idk,base,Prompt,centrality_mean,-0.08037164582269204,0.4266723488851614,-0.05372383486599952,0.595510561246926,False,-,100
TOFU_idk,base,Prompt,centrality_std,0.011508765435385431,0.909519636238098,0.034655286414318844,0.7321261267051866,False,+,100
TOFU_idk,base,Prompt,centrality_max,-0.0018525188816856646,0.985405674728037,0.025762892719282202,0.7991617407846285,False,-,100
TOFU_idk,base,Prompt,centrality_min,0.020213282839470728,0.8417841225162919,0.007508436648133049,0.940897869695392,False,+,100
TOFU_idk,base,Prompt,isolation_mean,,,,,False,-,100
TOFU_idk,base,Prompt,isolation_std,,,,,False,-,100
TOFU_idk,base,Prompt,isolation_max,,,,,False,-,100
TOFU_idk,base,Prompt,isolation_min,,,,,False,-,100
TOFU_idk,base,Prompt,cluster_compactness_mean,,,,,False,-,100
TOFU_idk,base,Prompt,cluster_compactness_std,,,,,False,-,100
TOFU_idk,base,Prompt,cluster_compactness_max,,,,,False,-,100
TOFU_idk,base,Prompt,cluster_compactness_min,,,,,False,-,100
TOFU_idk,base,Prompt,cross_layer_consistency_mean,-0.08059598728590403,0.42537850572990177,-0.0951697035505357,0.34625823292729285,False,-,100
TOFU_idk,base,Prompt,cross_layer_consistency_std,-0.07934267677955992,0.4326355826149663,-0.06454149658818498,0.5234957078272618,False,-,100
TOFU_idk,base,Prompt,cross_layer_consistency_max,-0.08059598728590403,0.42537850572990177,-0.0951697035505357,0.34625823292729285,False,-,100
TOFU_idk,base,Prompt,cross_layer_consistency_min,-0.08059598728590403,0.42537850572990177,-0.0951697035505357,0.34625823292729285,False,-,100
TOFU_idk,base,Embedding,local_density_mean,-0.035407653903596924,0.7265378718275813,-0.03137491527037441,0.7566515661833663,False,-,100
TOFU_idk,base,Embedding,local_density_std,-0.012474448602305253,0.9019638367223753,-0.07793932213999921,0.4408445768279059,False,-,100
TOFU_idk,base,Embedding,local_density_max,-0.03636989807268526,0.7194116082658101,-0.031423795372061455,0.7562842715593854,False,-,100
TOFU_idk,base,Embedding,local_density_min,-0.03239395350502335,0.7490056285305509,-0.03703889705336118,0.7144711539706734,False,-,100
TOFU_idk,base,Embedding,separability_mean,-0.2410713852232543,0.01568544625448858,-0.2360175709959148,0.018078648068207418,True,-,100
TOFU_idk,base,Embedding,separability_std,0.09538534945854524,0.3451615399082201,0.0905442783625469,0.3703055426966215,False,+,100
TOFU_idk,base,Embedding,separability_max,-0.14999261017516866,0.1363534907155471,-0.11728780399807344,0.24517526382696397,False,-,100
TOFU_idk,base,Embedding,separability_min,-0.2565941235859644,0.009966785701249613,-0.24279357509228192,0.01493514660721925,True,-,100
TOFU_idk,base,Embedding,centrality_mean,-0.17428849914425673,0.08286972818060927,-0.19803162197236707,0.04826533157465593,False,-,100
TOFU_idk,base,Embedding,centrality_std,-0.02961960832849936,0.7698765682551447,0.08888235490518724,0.3791892978274418,False,-,100
TOFU_idk,base,Embedding,centrality_max,-0.1438472983645901,0.15334218322090765,-0.0306661537959122,0.76198338263834,False,-,100
TOFU_idk,base,Embedding,centrality_min,-0.025084105498120478,0.8043461560933697,-0.15672793604681085,0.11941946869412595,False,-,100
TOFU_idk,base,Embedding,isolation_mean,,,,,False,-,100
TOFU_idk,base,Embedding,isolation_std,,,,,False,-,100
TOFU_idk,base,Embedding,isolation_max,,,,,False,-,100
TOFU_idk,base,Embedding,isolation_min,,,,,False,-,100
TOFU_idk,base,Embedding,cluster_compactness_mean,,,,,False,-,100
TOFU_idk,base,Embedding,cluster_compactness_std,,,,,False,-,100
TOFU_idk,base,Embedding,cluster_compactness_max,,,,,False,-,100
TOFU_idk,base,Embedding,cluster_compactness_min,,,,,False,-,100
TOFU_idk,base,Embedding,cross_layer_consistency_mean,-0.009965092771005966,0.9216142785120772,-0.06055262148474715,0.5495311724107328,False,-,100
TOFU_idk,base,Embedding,cross_layer_consistency_std,-0.12626153629582018,0.2106582325513535,-0.19120986817987853,0.056691529647072234,False,-,100
TOFU_idk,base,Embedding,cross_layer_consistency_max,-0.009965092771005966,0.9216142785120772,-0.06055262148474715,0.5495311724107328,False,-,100
TOFU_idk,base,Embedding,cross_layer_consistency_min,-0.009965092771005966,0.9216142785120772,-0.06055262148474715,0.5495311724107328,False,-,100
TOFU_idk,unlearned,Unlearning,local_density_mean,0.2978657292587304,0.0026138336640795243,0.2879765847441366,0.0036681482608777643,True,+,100
TOFU_idk,unlearned,Unlearning,local_density_std,0.28697754613862336,0.0037934284438740605,0.32417773739214645,0.0010006195688545562,True,+,100
TOFU_idk,unlearned,Unlearning,local_density_max,0.32614689001097746,0.0009279614446160763,0.3235692640326109,0.001024097911187425,True,+,100
TOFU_idk,unlearned,Unlearning,local_density_min,0.18114919293075848,0.07128297482536472,0.1802948735724729,0.0726502552039907,False,+,100
TOFU_idk,unlearned,Unlearning,separability_mean,0.3119325587786227,0.001581325494023834,0.3771631155814036,0.00010969469571539637,True,+,100
TOFU_idk,unlearned,Unlearning,separability_std,0.06575628845152566,0.5156924065931401,0.13755715067598734,0.1723239179109936,False,+,100
TOFU_idk,unlearned,Unlearning,separability_max,0.2795161794568908,0.004856716990241086,0.33328073983034623,0.000703215446055729,True,+,100
TOFU_idk,unlearned,Unlearning,separability_min,0.2732389210512397,0.005948896687774155,0.29661570155179945,0.002730003356647032,True,+,100
TOFU_idk,unlearned,Unlearning,centrality_mean,-0.1287667386192981,0.20167250792083566,-0.21413442664683985,0.03241112893463438,False,-,100
TOFU_idk,unlearned,Unlearning,centrality_std,0.35054637415582857,0.00034949215369623594,0.41934658551672804,1.4076345805855485e-05,True,+,100
TOFU_idk,unlearned,Unlearning,centrality_max,0.23297184414026767,0.019667959577658444,0.179457469642023,0.07401089832608218,True,+,100
TOFU_idk,unlearned,Unlearning,centrality_min,-0.3513434438955147,0.0003380613045079323,-0.37685586665728166,0.0001112364666473201,True,-,100
TOFU_idk,unlearned,Unlearning,isolation_mean,,,,,False,-,100
TOFU_idk,unlearned,Unlearning,isolation_std,,,,,False,-,100
TOFU_idk,unlearned,Unlearning,isolation_max,,,,,False,-,100
TOFU_idk,unlearned,Unlearning,isolation_min,,,,,False,-,100
TOFU_idk,unlearned,Unlearning,cluster_compactness_mean,,,,,False,-,100
TOFU_idk,unlearned,Unlearning,cluster_compactness_std,,,,,False,-,100
TOFU_idk,unlearned,Unlearning,cluster_compactness_max,,,,,False,-,100
TOFU_idk,unlearned,Unlearning,cluster_compactness_min,,,,,False,-,100
TOFU_idk,unlearned,Unlearning,cross_layer_consistency_mean,0.12032181723004257,0.23309329946134155,0.06339654956659113,0.5309045623928146,False,+,100
TOFU_idk,unlearned,Unlearning,cross_layer_consistency_std,-0.06769619804666775,0.5033556636999652,-0.0910282021205952,0.3677428690603527,False,-,100
TOFU_idk,unlearned,Unlearning,cross_layer_consistency_max,0.12032181723004257,0.23309329946134155,0.06339654956659113,0.5309045623928146,False,+,100
TOFU_idk,unlearned,Unlearning,cross_layer_consistency_min,0.12032181723004257,0.23309329946134155,0.06339654956659113,0.5309045623928146,False,+,100
TOFU_idk,unlearned,Steering,local_density_mean,-0.26304201131803234,0.008191226815994317,-0.2404371593689669,0.015969868294665557,True,-,100
TOFU_idk,unlearned,Steering,local_density_std,-0.15730770943249855,0.11804127735030712,-0.17236448001344046,0.08637568323787764,False,-,100
TOFU_idk,unlearned,Steering,local_density_max,-0.23460580095599468,0.01880100836695825,-0.21695343982128418,0.030147110847816058,True,-,100
TOFU_idk,unlearned,Steering,local_density_min,-0.21794513145513214,0.029383151455510424,-0.2274247701529304,0.022872316823470566,True,-,100
TOFU_idk,unlearned,Steering,separability_mean,-0.2698533216084817,0.006624140587062237,-0.3147360351379046,0.001426417898806592,True,-,100
TOFU_idk,unlearned,Steering,separability_std,-0.019077106568303814,0.8505711502874783,-0.10763973606009648,0.28643945631847995,False,-,100
TOFU_idk,unlearned,Steering,separability_max,-0.20921480876498655,0.036705698198588745,-0.2552921173495139,0.010363729554960174,True,-,100
TOFU_idk,unlearned,Steering,separability_min,-0.2223596637625074,0.026178299453761,-0.23294043351336052,0.01968495678121645,True,-,100
TOFU_idk,unlearned,Steering,centrality_mean,-0.014650290324565558,0.8849724159474718,0.061220250420843635,0.5451301219023441,False,-,100
TOFU_idk,unlearned,Steering,centrality_std,-0.2802645695143666,0.00473922526416996,-0.3033494418905538,0.002155032854925061,True,-,100
TOFU_idk,unlearned,Steering,centrality_max,-0.21086216431276283,0.03521738393787687,-0.13650664670409415,0.17565572060948045,True,-,100
TOFU_idk,unlearned,Steering,centrality_min,0.26545980954963944,0.0076010857959589615,0.2548043785589082,0.010515954637610287,True,+,100
TOFU_idk,unlearned,Steering,isolation_mean,,,,,False,-,100
TOFU_idk,unlearned,Steering,isolation_std,,,,,False,-,100
TOFU_idk,unlearned,Steering,isolation_max,,,,,False,-,100
TOFU_idk,unlearned,Steering,isolation_min,,,,,False,-,100
TOFU_idk,unlearned,Steering,cluster_compactness_mean,,,,,False,-,100
TOFU_idk,unlearned,Steering,cluster_compactness_std,,,,,False,-,100
TOFU_idk,unlearned,Steering,cluster_compactness_max,,,,,False,-,100
TOFU_idk,unlearned,Steering,cluster_compactness_min,,,,,False,-,100
TOFU_idk,unlearned,Steering,cross_layer_consistency_mean,-0.15952327695953356,0.11288753256619476,-0.09482880823498116,0.3479963487970492,False,-,100
TOFU_idk,unlearned,Steering,cross_layer_consistency_std,0.018957765681026313,0.8514951967868681,0.01173883898474003,0.9077187136030767,False,+,100
TOFU_idk,unlearned,Steering,cross_layer_consistency_max,-0.15952327695953356,0.11288753256619476,-0.09482880823498116,0.3479963487970492,False,-,100
TOFU_idk,unlearned,Steering,cross_layer_consistency_min,-0.15952327695953356,0.11288753256619476,-0.09482880823498116,0.3479963487970492,False,-,100
TOFU_idk,unlearned,Prompt,local_density_mean,-0.22625171975802286,0.02360436615706167,-0.17959504139433505,0.07378596956681406,True,-,100
TOFU_idk,unlearned,Prompt,local_density_std,-0.16257132672224384,0.10608474617911343,-0.09717758123913983,0.3361314670989646,False,-,100
TOFU_idk,unlearned,Prompt,local_density_max,-0.21223095863522265,0.03401962136394989,-0.1439252706288923,0.15311713678380526,True,-,100
TOFU_idk,unlearned,Prompt,local_density_min,-0.1535088368435829,0.12729857505268746,-0.12897728207251735,0.20093005773200012,False,-,100
TOFU_idk,unlearned,Prompt,separability_mean,-0.16480869480969718,0.10129825571964023,-0.147507277103231,0.14304323802627822,False,-,100
TOFU_idk,unlearned,Prompt,separability_std,-0.0773614062577696,0.4442505067989559,-0.09344528078685685,0.3551064394114425,False,-,100
TOFU_idk,unlearned,Prompt,separability_max,-0.17872778399426126,0.07521317076298155,-0.14800825702971196,0.14167518141771118,False,-,100
TOFU_idk,unlearned,Prompt,separability_min,-0.14386663313373999,0.1532863554153347,-0.13552759461125558,0.1788032729921202,False,-,100
TOFU_idk,unlearned,Prompt,centrality_mean,0.07746806061971058,0.44362083211451186,0.110635154514234,0.2731619565827454,False,+,100
TOFU_idk,unlearned,Prompt,centrality_std,-0.11294512999302114,0.263210241080987,-0.09669538805990191,0.33854612494634284,False,-,100
TOFU_idk,unlearned,Prompt,centrality_max,-0.1490833323380291,0.13877284512699467,-0.12031659159347813,0.2331137448430881,False,-,100
TOFU_idk,unlearned,Prompt,centrality_min,0.08603095030664855,0.3947289797020864,0.046102677734408265,0.6487691032282563,False,+,100
TOFU_idk,unlearned,Prompt,isolation_mean,,,,,False,-,100
TOFU_idk,unlearned,Prompt,isolation_std,,,,,False,-,100
TOFU_idk,unlearned,Prompt,isolation_max,,,,,False,-,100
TOFU_idk,unlearned,Prompt,isolation_min,,,,,False,-,100
TOFU_idk,unlearned,Prompt,cluster_compactness_mean,,,,,False,-,100
TOFU_idk,unlearned,Prompt,cluster_compactness_std,,,,,False,-,100
TOFU_idk,unlearned,Prompt,cluster_compactness_max,,,,,False,-,100
TOFU_idk,unlearned,Prompt,cluster_compactness_min,,,,,False,-,100
TOFU_idk,unlearned,Prompt,cross_layer_consistency_mean,-0.12431444290283103,0.2178364476175544,-0.11300112923425525,0.26297208744174083,False,-,100
TOFU_idk,unlearned,Prompt,cross_layer_consistency_std,-0.00900496417415465,0.929146056651238,-0.009244550117305472,0.9272660009652259,False,-,100
TOFU_idk,unlearned,Prompt,cross_layer_consistency_max,-0.12431444290283103,0.2178364476175544,-0.11300112923425525,0.26297208744174083,False,-,100
TOFU_idk,unlearned,Prompt,cross_layer_consistency_min,-0.12431444290283103,0.2178364476175544,-0.11300112923425525,0.26297208744174083,False,-,100
TOFU_idk,unlearned,Embedding,local_density_mean,-0.09502361378229646,0.34700243009440984,-0.07996173634730085,0.42904224272851066,False,-,100
TOFU_idk,unlearned,Embedding,local_density_std,-0.13283432620415814,0.18767461639334174,-0.13427363933432288,0.1828946866277324,False,-,100
TOFU_idk,unlearned,Embedding,local_density_max,-0.11019827946357084,0.27507219481778,-0.11291914490979346,0.26332080024043364,False,-,100
TOFU_idk,unlearned,Embedding,local_density_min,-0.0251674618383722,0.8037090387512682,-0.026236394580523407,0.7955503857696951,False,-,100
TOFU_idk,unlearned,Embedding,separability_mean,-0.2413602781590841,0.015557351862032963,-0.2346305981105448,0.018788109078414005,True,-,100
TOFU_idk,unlearned,Embedding,separability_std,0.05506168093250142,0.5863676834962558,0.0736073231279845,0.4667316863562735,False,+,100
TOFU_idk,unlearned,Embedding,separability_max,-0.17000080997635236,0.09084310288435193,-0.1508317737808106,0.13414925924262283,False,-,100
TOFU_idk,unlearned,Embedding,separability_min,-0.24044177713454234,0.015967781405064746,-0.23313975500908982,0.01957731200897101,True,-,100
TOFU_idk,unlearned,Embedding,centrality_mean,0.055324390952807535,0.5845798713859334,0.0621082792061063,0.53930301141101,False,+,100
TOFU_idk,unlearned,Embedding,centrality_std,-0.05464319233661579,0.5892207536255425,-0.0647905747861831,0.5218908894201447,False,-,100
TOFU_idk,unlearned,Embedding,centrality_max,-0.10576479723164503,0.2949651622075655,0.02133005437368589,0.833166028653036,False,-,100
TOFU_idk,unlearned,Embedding,centrality_min,0.020761743250000797,0.8375492703830592,0.12306787602256694,0.2225220088098952,False,+,100
TOFU_idk,unlearned,Embedding,isolation_mean,,,,,False,-,100
TOFU_idk,unlearned,Embedding,isolation_std,,,,,False,-,100
TOFU_idk,unlearned,Embedding,isolation_max,,,,,False,-,100
TOFU_idk,unlearned,Embedding,isolation_min,,,,,False,-,100
TOFU_idk,unlearned,Embedding,cluster_compactness_mean,,,,,False,-,100
TOFU_idk,unlearned,Embedding,cluster_compactness_std,,,,,False,-,100
TOFU_idk,unlearned,Embedding,cluster_compactness_max,,,,,False,-,100
TOFU_idk,unlearned,Embedding,cluster_compactness_min,,,,,False,-,100
TOFU_idk,unlearned,Embedding,cross_layer_consistency_mean,0.027351469713374026,0.7870629555616788,-0.08897261226270207,0.3787035405958922,False,+,100
TOFU_idk,unlearned,Embedding,cross_layer_consistency_std,0.007317484730439977,0.9423983269156613,0.02509630458586203,0.8042529068274862,False,+,100
TOFU_idk,unlearned,Embedding,cross_layer_consistency_max,0.027351469713374026,0.7870629555616788,-0.08897261226270207,0.3787035405958922,False,+,100
TOFU_idk,unlearned,Embedding,cross_layer_consistency_min,0.027351469713374026,0.7870629555616788,-0.08897261226270207,0.3787035405958922,False,+,100
